Age,Gender,Weight (kg),Height (m),Max_BPM,Avg_BPM,Resting_BPM,Session_Duration (hours),Calories_Burned,Workout_Type,Fat_Percentage,Water_Intake (liters),Workout_Frequency (days/week),Experience_Level,BMI,Physical exercise,Calories
56.0,Male,88.3,1.71,180.0,157.0,60.0,1.69,1313.0,Yoga,12.6,3.5,4.0,3.0,30.2,0,2281.502
46.0,Female,74.9,1.53,179.0,151.0,66.0,1.3,883.0,HIIT,33.9,2.1,4.0,2.0,32.0,4,2422.978
32.0,Female,68.1,1.66,167.0,122.0,54.0,1.11,677.0,Cardio,33.4,2.3,4.0,2.0,24.71,0,1983.0
25.0,Male,53.2,1.7,190.0,164.0,56.0,0.59,532.0,Strength,28.8,2.1,3.0,1.0,18.41,0,2478.0
38.0,Male,46.1,1.79,188.0,158.0,68.0,0.64,556.0,Strength,29.2,2.8,3.0,1.0,14.39,2,2594.313
56.0,Female,58.0,1.68,168.0,156.0,74.0,1.59,1116.0,HIIT,15.5,2.7,5.0,3.0,20.55,0,1939.502
36.0,Male,70.3,1.72,174.0,169.0,73.0,1.49,1385.0,Cardio,21.3,2.3,3.0,2.0,23.76,0,2068.498
40.0,Female,69.7,1.51,189.0,141.0,64.0,1.27,895.0,Cardio,30.6,1.9,3.0,2.0,30.57,0,1963.502
28.0,Male,121.7,1.94,185.0,127.0,52.0,1.03,719.0,Strength,28.9,2.6,4.0,2.0,32.34,0,2560.498
28.0,Male,101.8,1.84,169.0,136.0,64.0,1.08,808.0,Cardio,29.7,2.7,3.0,1.0,30.07,0,1716.0
41.0,Male,120.8,1.67,188.0,146.0,54.0,0.82,593.0,HIIT,20.5,3.0,2.0,1.0,43.31,0,1603.502
53.0,Male,51.7,1.7,175.0,152.0,72.0,1.15,865.0,HIIT,23.6,3.5,3.0,2.0,17.89,1,2942.495
57.0,Male,112.5,1.61,195.0,165.0,61.0,1.24,1013.0,Cardio,22.1,2.7,3.0,2.0,43.4,0,1353.298
41.0,Male,94.5,2.0,179.0,136.0,69.0,1.18,794.0,HIIT,27.6,3.7,3.0,1.0,23.62,3,2848.407
20.0,Male,117.7,1.81,196.0,161.0,54.0,1.35,1195.0,Yoga,26.4,3.3,3.0,2.0,35.93,0,1734.0
39.0,Female,42.5,1.75,181.0,131.0,52.0,1.13,740.0,Strength,26.2,2.1,2.0,1.0,13.88,0,2011.502
19.0,Female,64.0,1.53,166.0,167.0,58.0,1.33,1111.0,HIIT,29.8,2.3,3.0,2.0,27.34,0,1881.0
41.0,Female,43.8,1.77,182.0,165.0,58.0,1.19,884.0,Cardio,31.9,1.6,3.0,1.0,13.98,0,2217.0
47.0,Female,66.8,1.75,199.0,146.0,56.0,1.13,742.0,Strength,32.8,2.5,3.0,2.0,21.81,0,1884.302
55.0,Female,75.2,1.67,188.0,167.0,51.0,1.37,1030.0,HIIT,25.2,2.2,2.0,1.0,26.96,1,2543.756
19.0,Male,89.0,1.77,175.0,127.0,72.0,1.5,1048.0,Strength,28.9,3.7,4.0,2.0,28.41,0,2020.498
38.0,Male,71.9,1.77,197.0,142.0,72.0,1.12,875.0,Cardio,25.7,3.1,2.0,1.0,22.95,0,1696.498
50.0,Female,71.0,1.68,187.0,161.0,70.0,1.17,848.0,Yoga,33.1,2.5,2.0,1.0,25.16,0,2392.498
29.0,Male,120.9,1.78,197.0,168.0,65.0,0.78,721.0,Yoga,28.1,3.4,2.0,1.0,38.16,0,1716.302
39.0,Female,64.3,1.69,190.0,148.0,58.0,1.25,925.0,HIIT,26.9,1.9,4.0,2.0,22.51,2,2480.003
42.0,Female,63.7,1.71,173.0,169.0,62.0,1.42,1080.0,Yoga,26.1,1.8,3.0,2.0,21.78,0,2394.0
44.0,Male,65.2,1.8,192.0,139.0,68.0,0.73,502.0,HIIT,27.2,2.7,2.0,1.0,20.12,0,1629.298
59.0,Male,53.9,1.75,168.0,135.0,69.0,1.48,989.0,Strength,21.6,2.8,4.0,2.0,17.6,1,2167.345
45.0,Male,84.9,1.86,186.0,136.0,66.0,1.64,1104.0,HIIT,14.2,3.5,5.0,3.0,24.54,0,2046.0
33.0,Female,78.0,1.68,183.0,135.0,55.0,1.29,871.0,HIIT,32.3,1.8,3.0,2.0,27.64,0,1630.8
32.0,Male,108.2,1.8,172.0,138.0,53.0,1.27,964.0,HIIT,28.4,3.5,3.0,1.0,33.4,4,3163.502
20.0,Female,65.4,1.52,185.0,127.0,50.0,1.03,654.0,Yoga,28.0,2.2,4.0,2.0,28.31,0,1587.0
54.0,Female,50.2,1.61,188.0,157.0,67.0,1.48,1046.0,HIIT,28.2,2.7,2.0,1.0,19.37,1,2495.628
24.0,Female,58.9,1.51,187.0,157.0,68.0,1.04,816.0,Cardio,31.7,2.5,2.0,1.0,25.83,0,1620.0
38.0,Male,81.4,1.71,187.0,148.0,58.0,1.52,1237.0,HIIT,10.2,3.5,5.0,3.0,27.84,0,1636.498
26.0,Male,127.6,1.73,167.0,160.0,62.0,1.32,1162.0,Strength,27.3,2.9,3.0,1.0,42.63,0,2368.498
56.0,Female,59.3,1.56,182.0,155.0,57.0,1.26,879.0,Cardio,33.4,2.6,4.0,2.0,24.37,0,2431.502
35.0,Male,96.9,1.71,188.0,145.0,72.0,1.34,1069.0,Strength,24.2,2.9,3.0,2.0,33.14,1,2107.531
21.0,Male,62.6,1.81,164.0,150.0,62.0,1.3,1072.0,Strength,27.6,3.5,4.0,2.0,19.11,0,1944.0
42.0,Male,45.5,1.6,166.0,163.0,64.0,1.31,1057.0,Strength,21.7,2.6,3.0,2.0,17.77,0,2131.502
31.0,Female,48.8,1.51,195.0,131.0,60.0,1.48,969.0,Cardio,28.2,2.0,2.0,1.0,21.4,0,1831.8
26.0,Female,44.3,1.6,186.0,136.0,61.0,1.08,734.0,Cardio,34.7,2.0,3.0,1.0,17.3,0,1683.298
43.0,Male,113.2,1.83,161.0,134.0,63.0,1.45,962.0,Yoga,29.9,2.9,4.0,2.0,33.8,0,2304.0
19.0,Female,60.5,1.59,184.0,128.0,53.0,1.14,730.0,Cardio,30.1,2.2,2.0,1.0,23.93,0,1632.302
37.0,Male,124.2,1.76,168.0,158.0,50.0,1.5,1304.0,HIIT,29.3,2.8,2.0,1.0,40.1,0,1762.498
45.0,Male,52.4,1.85,186.0,161.0,73.0,1.2,956.0,Strength,25.2,2.5,3.0,1.0,15.31,0,1948.8
24.0,Male,54.7,1.74,160.0,167.0,53.0,0.84,772.0,Yoga,22.9,3.6,3.0,1.0,18.07,1,2634.84
25.0,Male,88.1,1.95,182.0,131.0,68.0,1.41,1016.0,Cardio,22.7,3.0,2.0,1.0,23.17,0,2253.0
52.0,Female,59.7,1.71,169.0,151.0,58.0,1.23,836.0,Strength,34.3,2.0,3.0,1.0,20.42,0,1438.8
31.0,Female,79.7,1.54,184.0,144.0,59.0,1.03,742.0,Cardio,26.7,2.3,4.0,2.0,33.61,0,2421.0
34.0,Female,51.0,1.62,162.0,158.0,53.0,1.42,1122.0,Yoga,30.8,2.4,3.0,2.0,19.43,0,1746.302
53.0,Male,84.2,1.76,165.0,137.0,69.0,1.67,1133.0,Cardio,12.8,3.5,5.0,3.0,27.18,0,2007.298
57.0,Male,122.1,1.89,165.0,134.0,58.0,1.13,750.0,Cardio,27.4,3.6,3.0,1.0,34.18,0,1579.502
21.0,Male,96.7,1.72,161.0,151.0,62.0,1.26,1046.0,Strength,25.0,2.8,3.0,1.0,32.69,0,1548.302
19.0,Female,73.0,1.79,177.0,125.0,61.0,0.81,506.0,HIIT,27.7,1.6,3.0,1.0,22.78,0,1756.8
23.0,Male,114.8,1.6,182.0,163.0,60.0,1.47,1318.0,Cardio,21.7,2.7,4.0,2.0,44.84,0,2158.8
59.0,Female,65.5,1.52,161.0,162.0,61.0,1.4,1021.0,Yoga,31.2,2.1,3.0,2.0,28.35,0,1615.8
21.0,Female,50.3,1.52,171.0,154.0,67.0,1.08,832.0,Cardio,32.2,2.6,3.0,1.0,21.77,0,1705.8
46.0,Female,61.0,1.71,181.0,153.0,61.0,1.67,1150.0,Cardio,17.8,2.7,4.0,3.0,20.86,0,1428.302
35.0,Female,44.6,1.62,196.0,157.0,65.0,0.56,440.0,HIIT,32.4,2.0,2.0,1.0,16.99,0,1377.298
43.0,Female,58.2,1.61,179.0,124.0,54.0,1.04,580.0,Strength,26.4,2.6,3.0,2.0,22.45,1,1958.003
51.0,Female,44.8,1.63,198.0,137.0,69.0,1.08,666.0,Yoga,33.8,2.1,4.0,2.0,16.86,1,1670.967
27.0,Male,87.5,1.63,183.0,135.0,74.0,1.75,1299.0,Strength,12.9,3.5,5.0,3.0,32.93,4,3272.756
53.0,Male,51.8,1.74,179.0,127.0,61.0,1.23,773.0,Strength,21.3,3.7,3.0,2.0,17.11,1,2461.25
31.0,Female,64.4,1.7,160.0,144.0,70.0,1.97,1418.0,Strength,17.3,2.7,5.0,3.0,22.28,3,2695.316
48.0,Female,67.1,1.61,160.0,151.0,74.0,0.62,421.0,Cardio,33.4,1.5,2.0,1.0,25.89,0,1666.8
32.0,Male,85.9,1.6,176.0,145.0,60.0,1.99,1587.0,HIIT,14.5,3.5,5.0,3.0,33.55,0,1591.502
25.0,Female,65.4,1.77,160.0,141.0,58.0,0.89,627.0,Cardio,27.6,2.6,3.0,1.0,20.88,0,2299.502
31.0,Female,61.1,1.76,189.0,150.0,67.0,1.81,1358.0,Yoga,18.6,2.7,4.0,3.0,19.72,0,1476.302
40.0,Male,106.5,1.65,162.0,162.0,74.0,1.32,1176.0,HIIT,21.0,3.6,4.0,2.0,39.12,0,1954.8
57.0,Female,64.0,1.52,170.0,129.0,52.0,1.73,1004.0,Strength,15.2,2.7,5.0,3.0,27.7,0,1662.0
38.0,Female,61.4,1.54,183.0,131.0,69.0,1.47,963.0,HIIT,30.6,2.7,3.0,2.0,25.89,0,1560.0
33.0,Female,40.5,1.63,181.0,147.0,66.0,1.07,786.0,Yoga,31.9,1.5,4.0,2.0,15.24,0,2242.498
35.0,Male,70.1,1.79,185.0,125.0,63.0,1.08,743.0,Cardio,28.0,2.3,3.0,2.0,21.88,0,2389.502
41.0,Male,94.1,1.62,172.0,139.0,50.0,1.13,777.0,Cardio,23.4,3.1,4.0,2.0,35.86,0,2158.498
43.0,Male,55.5,1.82,160.0,124.0,66.0,1.08,663.0,Strength,20.1,2.0,3.0,1.0,16.76,0,2194.498
42.0,Female,53.7,1.72,183.0,142.0,74.0,1.37,875.0,Cardio,29.8,1.6,3.0,1.0,18.15,0,2478.0
58.0,Female,66.1,1.75,169.0,128.0,57.0,0.63,363.0,Cardio,25.2,1.8,2.0,1.0,21.58,0,1800.0
46.0,Male,103.9,1.77,194.0,148.0,54.0,1.18,864.0,Yoga,20.9,2.9,2.0,1.0,33.16,0,1318.8
32.0,Female,61.7,1.58,183.0,135.0,54.0,1.87,1262.0,HIIT,16.6,2.7,5.0,3.0,24.72,0,1620.0
18.0,Female,52.3,1.74,187.0,165.0,58.0,1.2,990.0,Cardio,29.4,2.2,2.0,1.0,17.27,0,2383.502
42.0,Female,59.5,1.74,195.0,141.0,52.0,1.78,1129.0,Yoga,16.4,2.7,5.0,3.0,19.65,0,1614.302
24.0,Female,72.9,1.76,175.0,127.0,68.0,0.86,546.0,Yoga,30.8,1.5,3.0,1.0,23.53,1,1739.723
26.0,Female,76.7,1.63,199.0,139.0,72.0,1.08,751.0,Strength,25.6,1.7,2.0,1.0,28.87,1,2260.163
41.0,Male,72.1,1.83,175.0,133.0,58.0,1.13,744.0,Yoga,21.4,2.8,3.0,2.0,21.53,0,1741.502
18.0,Female,54.8,1.68,176.0,158.0,71.0,1.27,1003.0,Strength,32.0,2.2,4.0,2.0,19.42,0,2044.8
25.0,Male,105.0,1.88,174.0,156.0,67.0,1.34,1150.0,Cardio,21.4,2.3,3.0,2.0,29.71,0,1588.8
41.0,Female,55.0,1.55,175.0,169.0,65.0,1.45,1103.0,Strength,31.4,2.0,4.0,2.0,22.89,0,1734.302
28.0,Male,81.6,1.66,174.0,153.0,50.0,1.09,917.0,Yoga,20.5,3.5,4.0,2.0,29.61,3,1930.27
34.0,Female,75.6,1.6,193.0,130.0,51.0,0.64,416.0,HIIT,29.1,2.7,2.0,1.0,29.53,0,2388.0
25.0,Male,81.5,1.61,170.0,159.0,63.0,1.93,1688.0,HIIT,10.9,3.5,4.0,3.0,31.44,0,1557.298
52.0,Female,61.5,1.69,160.0,152.0,63.0,1.8,1231.0,Cardio,15.5,2.7,4.0,3.0,21.53,4,2907.0
52.0,Male,74.0,1.63,174.0,150.0,50.0,1.26,936.0,Cardio,25.7,3.7,3.0,2.0,27.85,2,2458.684
50.0,Female,56.4,1.59,185.0,163.0,74.0,1.26,924.0,HIIT,34.3,2.6,3.0,1.0,22.31,0,2391.0
22.0,Male,102.6,1.84,163.0,153.0,65.0,1.25,1052.0,Strength,20.5,2.7,3.0,2.0,30.3,0,1836.302
59.0,Female,54.6,1.57,164.0,169.0,64.0,0.58,441.0,Cardio,29.2,2.3,3.0,1.0,22.15,1,2139.84
56.0,Male,129.0,1.78,194.0,126.0,64.0,1.29,805.0,Yoga,27.1,2.7,2.0,1.0,40.71,0,1396.8
58.0,Male,103.5,1.66,172.0,168.0,61.0,1.33,1106.0,Cardio,24.6,3.1,3.0,1.0,37.56,0,1779.298
45.0,Female,59.4,1.51,169.0,142.0,65.0,1.15,735.0,Strength,33.1,1.9,4.0,2.0,26.05,0,1891.8
24.0,Female,60.1,1.79,170.0,165.0,63.0,1.97,1625.0,Cardio,15.9,2.7,4.0,3.0,18.76,0,1783.502
26.0,Male,77.7,1.62,177.0,126.0,73.0,1.16,804.0,Yoga,29.6,3.0,3.0,2.0,29.61,0,1638.302
25.0,Female,41.2,1.62,193.0,144.0,64.0,1.49,1073.0,Yoga,28.9,2.1,4.0,2.0,15.7,0,1363.8
29.0,Male,58.6,1.61,198.0,122.0,72.0,1.2,805.0,Yoga,23.4,2.0,3.0,2.0,22.61,0,1744.8
51.0,Male,109.3,1.78,182.0,157.0,64.0,0.54,420.0,Strength,28.7,3.3,3.0,1.0,34.5,0,1437.298
50.0,Male,69.6,1.96,166.0,139.0,68.0,0.97,667.0,Strength,25.6,2.0,3.0,1.0,18.12,0,1938.302
40.0,Female,56.2,1.79,198.0,153.0,57.0,1.79,1369.0,Yoga,17.6,2.7,5.0,3.0,17.54,0,1761.0
41.0,Male,71.7,1.96,162.0,168.0,51.0,0.51,424.0,Yoga,27.3,2.5,2.0,1.0,18.66,2,2166.513
54.0,Male,86.0,1.93,171.0,163.0,51.0,1.74,1404.0,Strength,12.9,3.5,5.0,3.0,23.09,1,2088.277
52.0,Female,79.4,1.59,166.0,163.0,59.0,1.39,1020.0,Strength,26.6,1.5,3.0,2.0,31.41,0,2022.302
57.0,Female,78.4,1.62,185.0,149.0,52.0,1.01,677.0,Strength,31.7,2.0,4.0,2.0,29.87,1,1483.622
39.0,Female,55.4,1.6,192.0,136.0,72.0,1.44,979.0,HIIT,26.3,1.6,3.0,2.0,21.64,0,1846.8
44.0,Female,61.7,1.55,196.0,129.0,66.0,1.41,819.0,Strength,33.1,2.6,4.0,2.0,25.68,0,1876.8
52.0,Male,85.5,1.82,174.0,154.0,57.0,1.78,1357.0,Yoga,14.9,3.5,4.0,3.0,25.81,1,2698.44
18.0,Male,87.6,1.93,161.0,139.0,72.0,1.72,1315.0,HIIT,11.9,3.5,4.0,3.0,23.52,0,1651.502
52.0,Male,82.4,1.72,166.0,137.0,53.0,1.01,685.0,Strength,24.4,2.7,4.0,2.0,27.85,0,1771.502
54.0,Male,67.0,1.68,191.0,164.0,63.0,0.55,446.0,Yoga,20.5,2.8,3.0,1.0,23.74,4,3011.499
31.0,Female,42.3,1.6,163.0,163.0,70.0,1.09,888.0,Cardio,25.1,1.9,3.0,2.0,16.52,0,1536.302
20.0,Male,82.7,1.99,179.0,146.0,59.0,1.69,1357.0,HIIT,14.6,3.5,5.0,3.0,20.88,0,1618.8
18.0,Male,92.4,1.74,195.0,168.0,50.0,1.41,1303.0,Yoga,21.3,3.1,2.0,1.0,30.52,0,2257.502
22.0,Female,63.2,1.54,191.0,155.0,53.0,1.02,790.0,Cardio,29.5,2.4,4.0,2.0,26.65,0,2016.302
43.0,Male,82.7,1.85,187.0,142.0,50.0,1.22,858.0,Yoga,28.2,3.1,4.0,2.0,24.16,0,1246.8
31.0,Male,86.6,1.76,172.0,151.0,66.0,1.29,1071.0,Strength,28.9,3.3,3.0,2.0,27.96,3,2249.4
56.0,Male,129.5,1.95,160.0,129.0,66.0,1.0,639.0,Strength,25.2,3.5,2.0,1.0,34.06,0,2364.0
44.0,Male,98.0,1.83,194.0,130.0,56.0,1.28,824.0,Cardio,25.7,3.5,4.0,2.0,29.26,0,1881.0
26.0,Male,86.2,1.68,189.0,157.0,72.0,1.97,1701.0,Strength,13.3,3.5,5.0,3.0,30.54,0,2029.8
32.0,Male,78.6,1.62,195.0,125.0,69.0,1.28,880.0,Yoga,29.6,3.1,3.0,1.0,29.95,0,2368.498
32.0,Female,59.0,1.66,184.0,160.0,64.0,0.51,408.0,Cardio,31.0,1.8,2.0,1.0,21.41,0,2271.0
43.0,Female,57.3,1.79,175.0,166.0,62.0,1.98,1479.0,Yoga,17.8,2.7,4.0,3.0,17.88,0,2067.0
59.0,Male,122.3,1.89,178.0,153.0,51.0,0.66,500.0,Yoga,20.1,3.1,3.0,1.0,34.24,0,1410.302
30.0,Male,85.3,1.95,160.0,155.0,68.0,1.61,1373.0,Yoga,10.4,3.5,5.0,3.0,22.43,1,2265.31
49.0,Female,45.2,1.74,164.0,156.0,73.0,1.24,870.0,Strength,30.8,2.1,3.0,2.0,14.93,0,1779.298
56.0,Male,55.6,1.92,181.0,136.0,62.0,0.68,458.0,Strength,29.4,3.2,3.0,1.0,15.08,0,1647.298
49.0,Male,82.8,1.95,183.0,159.0,73.0,1.91,1503.0,Yoga,14.3,3.5,5.0,3.0,21.78,0,2154.0
21.0,Male,125.2,1.66,196.0,159.0,60.0,1.38,1207.0,HIIT,29.8,3.4,3.0,2.0,45.43,4,3479.375
47.0,Female,58.5,1.79,195.0,131.0,71.0,1.42,837.0,Yoga,30.3,2.4,4.0,2.0,18.26,0,1695.298
54.0,Male,86.1,1.95,195.0,140.0,64.0,1.17,811.0,Yoga,27.9,3.4,2.0,1.0,22.64,0,2155.502
40.0,Female,63.5,1.61,163.0,159.0,59.0,1.31,1041.0,Cardio,33.4,1.6,3.0,2.0,24.5,0,2266.498
56.0,Male,69.3,1.68,195.0,138.0,58.0,0.66,451.0,Yoga,26.5,2.1,2.0,1.0,24.55,0,2490.0
32.0,Female,70.5,1.62,177.0,122.0,58.0,1.24,756.0,Strength,28.4,1.8,2.0,1.0,26.86,0,1606.498
46.0,Female,60.1,1.65,175.0,137.0,69.0,1.69,1042.0,Cardio,17.3,2.7,4.0,3.0,22.08,1,2499.062
53.0,Male,94.1,1.95,177.0,138.0,50.0,0.89,608.0,HIIT,28.6,3.5,3.0,1.0,24.75,0,1300.8
30.0,Female,79.2,1.62,181.0,166.0,66.0,1.26,1046.0,Cardio,28.0,2.5,4.0,2.0,30.18,0,1734.302
49.0,Male,115.3,1.91,161.0,125.0,61.0,1.38,854.0,HIIT,29.2,3.2,2.0,1.0,31.61,0,1776.302
24.0,Female,62.9,1.79,180.0,135.0,59.0,1.42,958.0,Cardio,27.3,2.3,4.0,2.0,19.63,0,2431.502
39.0,Male,62.0,1.64,195.0,127.0,54.0,0.97,678.0,Cardio,27.5,3.2,3.0,1.0,23.05,3,3316.316
45.0,Male,88.5,1.78,198.0,167.0,67.0,1.53,1265.0,HIIT,13.2,3.5,4.0,3.0,27.93,0,1389.298
19.0,Female,73.9,1.77,198.0,137.0,64.0,1.28,877.0,Strength,32.5,2.6,3.0,2.0,23.59,3,2727.658
59.0,Male,50.3,1.95,188.0,167.0,55.0,1.07,885.0,Strength,24.4,3.4,3.0,1.0,13.23,0,1645.502
23.0,Male,83.1,1.8,185.0,162.0,56.0,0.7,624.0,Strength,29.3,3.1,3.0,1.0,25.65,0,1755.0
45.0,Female,65.1,1.78,180.0,158.0,66.0,1.46,1038.0,Cardio,31.3,2.3,3.0,1.0,20.55,1,2299.684
45.0,Male,46.6,1.79,176.0,168.0,55.0,1.46,1214.0,Yoga,22.9,2.4,3.0,2.0,14.54,0,1672.8
37.0,Male,103.5,1.89,175.0,168.0,57.0,0.54,499.0,Cardio,26.4,3.1,2.0,1.0,28.97,1,2285.938
47.0,Female,61.9,1.54,190.0,131.0,61.0,1.95,1150.0,Yoga,16.4,2.7,4.0,3.0,26.1,0,1813.502
28.0,Female,52.0,1.61,168.0,164.0,70.0,1.32,1082.0,Yoga,27.9,2.0,3.0,2.0,20.06,0,1929.0
45.0,Male,113.4,1.71,190.0,129.0,63.0,0.83,530.0,Strength,24.0,2.3,2.0,1.0,38.78,0,1683.0
42.0,Male,62.9,1.98,173.0,126.0,61.0,1.42,886.0,Yoga,28.5,3.4,4.0,2.0,16.04,0,1597.502
56.0,Female,40.4,1.8,196.0,165.0,72.0,1.23,913.0,Cardio,30.0,2.1,4.0,2.0,12.47,0,1768.8
50.0,Female,67.1,1.75,161.0,120.0,59.0,0.67,362.0,Cardio,31.8,2.7,3.0,1.0,21.91,0,2034.0
18.0,Male,70.0,1.61,173.0,168.0,71.0,1.3,1201.0,Strength,23.9,2.5,2.0,1.0,27.01,0,1669.502
44.0,Female,69.5,1.75,192.0,155.0,69.0,1.02,711.0,HIIT,27.6,2.1,3.0,1.0,22.69,0,1818.0
30.0,Male,107.9,1.66,194.0,140.0,64.0,1.08,832.0,Cardio,29.5,2.8,3.0,2.0,39.16,2,2381.185
58.0,Male,109.0,1.91,198.0,156.0,56.0,1.49,1151.0,Yoga,26.0,2.2,3.0,2.0,29.88,0,2448.0
20.0,Male,101.0,1.91,179.0,143.0,58.0,1.36,1070.0,Cardio,29.3,2.7,3.0,2.0,27.69,0,2100.0
56.0,Male,88.5,1.85,161.0,144.0,59.0,1.57,1119.0,Cardio,11.0,3.5,4.0,3.0,25.86,0,1774.8
23.0,Male,80.9,1.8,178.0,126.0,59.0,1.55,1074.0,Cardio,10.7,3.5,4.0,3.0,24.97,0,1734.0
25.0,Female,43.1,1.62,196.0,161.0,65.0,1.04,837.0,HIIT,33.6,1.8,4.0,2.0,16.42,4,3127.87
44.0,Female,59.1,1.52,177.0,136.0,56.0,1.58,967.0,Yoga,18.4,2.7,5.0,3.0,25.58,4,3187.25
26.0,Female,54.0,1.53,175.0,148.0,54.0,1.14,844.0,Strength,26.9,1.7,3.0,1.0,23.07,0,2224.498
54.0,Female,72.3,1.78,163.0,149.0,72.0,1.27,852.0,Cardio,27.7,1.8,2.0,1.0,22.82,0,1884.302
50.0,Male,51.1,1.98,171.0,126.0,52.0,0.92,574.0,Yoga,28.0,2.4,2.0,1.0,13.03,0,1404.302
59.0,Male,89.4,1.72,188.0,152.0,67.0,1.08,813.0,Yoga,24.5,3.2,3.0,1.0,30.22,0,1974.0
41.0,Male,51.5,1.8,166.0,126.0,60.0,1.09,680.0,Strength,26.7,2.1,4.0,2.0,15.9,0,1782.302
32.0,Male,87.9,1.88,173.0,143.0,64.0,1.52,1195.0,Cardio,11.6,3.5,5.0,3.0,24.87,0,1740.302
49.0,Female,42.0,1.52,171.0,130.0,70.0,1.1,644.0,HIIT,28.8,2.2,3.0,1.0,18.18,1,1909.87
49.0,Male,79.2,1.72,194.0,128.0,69.0,1.46,925.0,Yoga,29.9,3.3,3.0,1.0,26.77,0,1947.0
41.0,Male,64.8,1.71,164.0,131.0,54.0,1.2,778.0,Strength,22.5,2.8,3.0,2.0,22.16,0,1326.302
58.0,Female,63.0,1.78,176.0,154.0,73.0,1.58,1095.0,HIIT,17.5,2.7,4.0,3.0,19.88,0,2488.498
29.0,Female,56.2,1.77,191.0,123.0,61.0,0.68,418.0,Yoga,33.4,2.6,3.0,1.0,17.94,0,1470.302
56.0,Female,52.9,1.64,169.0,155.0,53.0,1.1,767.0,Cardio,27.4,2.3,3.0,2.0,19.67,3,2620.27
19.0,Female,49.0,1.69,176.0,147.0,64.0,1.05,772.0,Yoga,29.2,2.4,3.0,1.0,17.16,0,1473.298
20.0,Male,128.2,1.84,164.0,132.0,58.0,0.83,603.0,HIIT,26.2,2.3,3.0,1.0,37.87,0,1443.298
54.0,Male,83.6,1.86,168.0,142.0,56.0,1.54,1082.0,HIIT,12.4,3.5,5.0,3.0,24.16,4,3688.378
34.0,Female,56.2,1.77,192.0,138.0,59.0,1.81,1249.0,Cardio,17.3,2.7,5.0,3.0,17.94,0,1933.502
19.0,Male,87.8,1.78,195.0,161.0,72.0,1.28,1133.0,Cardio,23.6,3.3,2.0,1.0,27.71,0,1572.302
19.0,Male,85.9,1.85,195.0,156.0,62.0,1.66,1424.0,Strength,12.9,3.5,4.0,3.0,25.1,0,2515.502
45.0,Male,51.1,1.87,177.0,158.0,57.0,1.44,1126.0,Cardio,26.2,3.4,4.0,2.0,14.61,0,1672.498
40.0,Female,57.4,1.71,168.0,143.0,61.0,1.87,1337.0,Strength,18.3,2.7,5.0,3.0,19.63,0,1534.8
54.0,Male,114.9,1.92,188.0,135.0,71.0,1.2,802.0,HIIT,20.7,2.6,4.0,2.0,31.17,0,2485.502
49.0,Female,62.1,1.66,173.0,152.0,73.0,1.37,937.0,HIIT,31.3,1.8,3.0,2.0,22.54,0,2169.0
50.0,Male,57.1,1.91,184.0,131.0,68.0,1.09,707.0,Yoga,29.5,2.7,4.0,2.0,15.65,0,1420.8
18.0,Male,68.1,1.8,174.0,153.0,50.0,1.1,926.0,Yoga,25.4,3.3,4.0,2.0,21.02,0,2370.0
36.0,Male,69.2,1.65,165.0,126.0,65.0,1.23,852.0,Strength,27.2,2.7,3.0,1.0,25.42,0,2050.498
19.0,Female,65.2,1.52,188.0,130.0,71.0,1.23,800.0,Cardio,30.6,2.4,3.0,1.0,28.22,0,1368.302
43.0,Male,108.6,1.73,174.0,150.0,66.0,1.33,988.0,Cardio,28.5,2.2,2.0,1.0,36.29,0,2079.0
49.0,Female,40.0,1.65,188.0,148.0,74.0,1.03,686.0,Yoga,34.3,2.5,3.0,2.0,14.69,0,1755.0
23.0,Female,41.9,1.58,163.0,132.0,67.0,0.56,370.0,HIIT,26.8,1.8,3.0,1.0,16.78,0,1600.498
49.0,Female,68.3,1.52,177.0,150.0,60.0,1.45,979.0,Strength,29.4,1.8,4.0,2.0,29.56,0,1504.8
21.0,Male,88.4,1.6,198.0,121.0,67.0,1.71,1138.0,HIIT,12.0,3.5,4.0,3.0,34.53,0,2389.502
28.0,Male,66.0,1.9,175.0,158.0,56.0,1.18,1025.0,HIIT,24.1,3.0,3.0,1.0,18.28,0,1860.0
34.0,Male,71.9,1.64,170.0,134.0,67.0,1.26,929.0,Cardio,21.3,2.1,4.0,2.0,26.73,0,1947.0
55.0,Male,75.6,1.71,173.0,130.0,57.0,1.03,663.0,Strength,28.1,2.0,4.0,2.0,25.85,0,2461.502
41.0,Female,63.4,1.59,162.0,153.0,55.0,1.84,1267.0,HIIT,15.2,2.7,5.0,3.0,25.08,0,1572.302
22.0,Female,71.6,1.77,197.0,158.0,56.0,1.49,1177.0,Yoga,30.3,1.8,3.0,1.0,22.85,0,1954.498
51.0,Female,57.4,1.77,177.0,123.0,72.0,1.08,598.0,Yoga,31.6,2.1,4.0,2.0,18.32,1,2664.062
23.0,Male,83.8,1.99,179.0,130.0,71.0,1.79,1280.0,Cardio,11.0,3.5,4.0,3.0,21.16,0,1408.8
39.0,Female,55.9,1.71,184.0,148.0,59.0,1.95,1443.0,Yoga,19.5,2.7,5.0,3.0,19.12,0,1633.502
28.0,Male,87.0,1.76,197.0,121.0,60.0,1.2,799.0,Yoga,28.4,3.5,3.0,2.0,28.09,2,2193.637
33.0,Female,65.3,1.71,172.0,135.0,74.0,1.18,796.0,HIIT,29.7,2.5,4.0,2.0,22.33,0,1588.498
50.0,Male,45.4,1.67,163.0,158.0,62.0,1.37,1071.0,Yoga,24.1,2.8,4.0,2.0,16.28,0,1944.0
26.0,Male,87.1,1.87,173.0,132.0,58.0,1.71,1241.0,Yoga,11.2,3.5,4.0,3.0,24.91,3,2525.4
23.0,Female,78.6,1.73,192.0,156.0,56.0,1.47,1147.0,HIIT,32.3,1.5,4.0,2.0,26.26,0,1812.302
33.0,Female,78.0,1.71,187.0,136.0,58.0,1.08,734.0,Cardio,26.3,2.1,3.0,1.0,26.67,2,2793.873
46.0,Female,58.0,1.53,196.0,140.0,62.0,1.83,1153.0,Cardio,18.4,2.7,4.0,3.0,24.78,0,1564.498
20.0,Female,71.3,1.69,167.0,163.0,52.0,1.28,1043.0,Strength,33.4,2.3,3.0,2.0,24.96,0,2178.298
37.0,Male,49.1,1.74,193.0,138.0,52.0,1.11,842.0,Yoga,22.3,2.6,3.0,2.0,16.22,0,2365.502
53.0,Female,78.3,1.65,164.0,126.0,50.0,1.24,703.0,HIIT,33.7,1.6,3.0,1.0,28.76,2,2553.625
36.0,Female,57.3,1.64,164.0,157.0,70.0,1.13,887.0,Strength,25.3,1.8,4.0,2.0,21.3,0,1716.302
43.0,Female,48.4,1.61,190.0,127.0,69.0,1.28,732.0,Cardio,34.1,2.4,2.0,1.0,18.67,0,2277.0
20.0,Male,76.4,1.62,168.0,132.0,51.0,1.35,980.0,Cardio,21.2,2.6,4.0,2.0,29.11,1,1607.375
36.0,Male,110.2,1.77,191.0,156.0,74.0,1.19,1021.0,HIIT,26.5,3.4,2.0,1.0,35.18,0,2454.0
37.0,Female,72.9,1.76,192.0,121.0,52.0,1.21,732.0,Strength,27.5,1.9,3.0,2.0,23.53,1,1691.59
49.0,Male,82.1,1.86,162.0,160.0,64.0,1.87,1481.0,Strength,14.2,3.5,4.0,3.0,23.73,0,1560.302
24.0,Female,58.9,1.76,189.0,130.0,73.0,0.63,410.0,HIIT,30.1,1.7,3.0,1.0,19.01,4,2384.975
58.0,Male,82.2,1.87,171.0,143.0,55.0,1.57,1111.0,HIIT,10.7,3.5,4.0,3.0,23.51,0,2031.0
50.0,Male,96.7,1.72,188.0,125.0,62.0,1.46,903.0,Strength,25.7,2.7,3.0,2.0,32.69,0,2413.502
57.0,Male,81.4,1.86,162.0,145.0,70.0,1.8,1292.0,Cardio,12.0,3.5,5.0,3.0,23.53,0,1824.0
56.0,Male,107.8,1.73,185.0,126.0,50.0,1.09,680.0,Yoga,26.6,2.8,3.0,2.0,36.02,0,2395.502
35.0,Female,65.8,1.62,189.0,158.0,69.0,1.0,790.0,Cardio,33.8,1.5,4.0,2.0,25.07,0,2134.498
57.0,Female,68.5,1.56,168.0,138.0,68.0,1.45,900.0,HIIT,29.1,1.6,4.0,2.0,28.15,0,1704.0
18.0,Female,63.9,1.59,185.0,125.0,50.0,1.87,1169.0,Strength,16.4,2.7,4.0,3.0,25.28,0,1722.302
28.0,Male,76.3,1.62,161.0,162.0,70.0,1.16,1034.0,Strength,20.1,2.3,3.0,2.0,29.07,0,1426.8
45.0,Female,44.5,1.65,162.0,148.0,71.0,1.44,959.0,Yoga,30.7,1.6,3.0,1.0,16.35,0,2179.502
42.0,Female,50.7,1.75,163.0,162.0,51.0,1.29,940.0,Strength,29.0,1.9,3.0,2.0,16.56,0,1884.302
40.0,Female,55.1,1.61,184.0,158.0,64.0,1.55,1224.0,Yoga,16.9,2.7,4.0,3.0,21.26,0,2193.0
48.0,Male,73.7,1.61,172.0,121.0,63.0,1.36,815.0,Cardio,21.8,3.6,4.0,2.0,28.43,1,1701.902
47.0,Male,55.6,1.77,198.0,138.0,68.0,1.2,820.0,Cardio,24.3,2.9,4.0,2.0,17.75,0,1936.498
59.0,Male,86.9,1.76,194.0,123.0,60.0,1.13,688.0,Strength,29.8,3.1,3.0,2.0,28.05,0,1729.502
52.0,Female,60.3,1.68,182.0,125.0,64.0,1.6,900.0,Strength,16.5,2.7,4.0,3.0,21.36,2,2755.13
24.0,Female,40.4,1.64,168.0,168.0,55.0,0.99,832.0,HIIT,31.0,1.9,2.0,1.0,15.02,2,2774.495
33.0,Female,78.5,1.66,161.0,156.0,69.0,1.29,1006.0,HIIT,32.8,1.9,4.0,2.0,28.49,0,1426.8
43.0,Male,102.6,1.72,190.0,147.0,58.0,0.82,597.0,Strength,27.5,2.0,2.0,1.0,34.68,0,1864.498
19.0,Male,110.8,1.91,161.0,149.0,54.0,1.31,1074.0,Strength,23.3,2.9,2.0,1.0,30.37,0,1216.8
18.0,Female,60.9,1.79,191.0,126.0,69.0,1.11,699.0,Cardio,31.1,2.1,2.0,1.0,19.01,0,1597.8
29.0,Male,55.7,1.61,177.0,128.0,51.0,1.41,993.0,Strength,28.7,2.3,3.0,1.0,21.49,0,2167.502
22.0,Male,110.5,1.92,172.0,144.0,55.0,1.16,919.0,HIIT,20.2,3.3,3.0,2.0,29.98,1,2622.815
54.0,Male,55.2,1.71,164.0,152.0,67.0,0.77,579.0,Cardio,24.4,2.8,2.0,1.0,18.88,1,2293.163
49.0,Male,46.5,1.72,169.0,120.0,72.0,1.4,832.0,Yoga,22.2,2.6,4.0,2.0,15.72,0,2268.0
26.0,Female,70.9,1.66,184.0,125.0,68.0,0.81,506.0,HIIT,28.9,1.7,3.0,1.0,25.73,0,2316.0
58.0,Male,74.6,1.75,193.0,137.0,58.0,1.09,739.0,HIIT,24.2,2.9,2.0,1.0,24.36,0,1584.302
52.0,Male,45.1,1.72,196.0,129.0,70.0,0.93,594.0,Cardio,27.5,3.3,2.0,1.0,15.24,2,2666.003
36.0,Male,99.9,1.99,189.0,147.0,73.0,1.33,1075.0,Yoga,20.9,2.5,3.0,1.0,25.23,0,1567.8
33.0,Male,117.0,1.61,166.0,130.0,55.0,1.04,744.0,HIIT,25.1,2.4,3.0,2.0,45.14,0,1882.8
20.0,Female,75.9,1.73,165.0,152.0,63.0,1.39,1056.0,Strength,30.6,2.1,4.0,2.0,25.36,4,3180.124
37.0,Female,71.2,1.64,162.0,120.0,73.0,1.11,666.0,HIIT,29.9,1.7,3.0,2.0,26.47,0,1989.298
41.0,Male,78.8,1.72,172.0,132.0,62.0,1.01,660.0,Cardio,27.3,3.1,4.0,2.0,26.64,0,2188.498
50.0,Male,50.6,1.69,162.0,156.0,60.0,1.31,1012.0,Cardio,23.8,3.0,2.0,1.0,17.72,0,2110.498
41.0,Male,82.5,1.79,185.0,139.0,61.0,1.69,1163.0,Cardio,14.7,3.5,4.0,3.0,25.75,0,1866.0
28.0,Male,108.5,1.79,183.0,120.0,68.0,1.33,878.0,HIIT,24.8,2.1,4.0,2.0,33.86,1,1779.244
25.0,Male,49.9,1.98,165.0,122.0,68.0,1.15,772.0,Yoga,25.7,2.1,3.0,2.0,12.73,4,3265.622
53.0,Male,125.1,1.91,171.0,137.0,70.0,0.52,353.0,Strength,28.3,3.1,2.0,1.0,34.29,0,1407.298
55.0,Female,79.7,1.66,195.0,160.0,68.0,1.06,763.0,Cardio,27.8,1.9,2.0,1.0,28.92,2,2404.825
57.0,Male,126.8,1.63,161.0,133.0,73.0,0.96,632.0,Yoga,20.8,2.1,2.0,1.0,47.72,1,2373.596
37.0,Female,54.6,1.57,170.0,150.0,62.0,1.31,982.0,Strength,32.1,2.4,3.0,1.0,22.15,0,1636.8
52.0,Female,47.8,1.54,198.0,146.0,63.0,1.34,880.0,Cardio,29.8,1.9,3.0,2.0,20.16,0,1678.498
42.0,Male,97.9,1.91,193.0,136.0,73.0,1.01,680.0,Strength,29.0,2.8,3.0,2.0,26.84,0,1854.302
52.0,Female,63.1,1.54,185.0,165.0,67.0,1.36,1010.0,Strength,34.8,1.8,3.0,2.0,26.61,0,1437.298
42.0,Female,72.4,1.69,177.0,148.0,61.0,1.07,713.0,Yoga,29.0,2.3,3.0,2.0,25.35,0,1749.0
46.0,Female,58.9,1.7,180.0,155.0,53.0,1.52,1060.0,Strength,17.1,2.7,4.0,3.0,20.38,0,1678.8
35.0,Female,50.4,1.6,195.0,156.0,59.0,1.03,803.0,Cardio,29.1,1.9,4.0,2.0,19.69,0,1443.298
35.0,Female,64.2,1.59,199.0,145.0,66.0,1.63,1182.0,Yoga,16.6,2.7,5.0,3.0,25.39,0,2230.498
19.0,Female,58.8,1.77,181.0,136.0,53.0,1.4,952.0,HIIT,32.8,2.7,2.0,1.0,18.77,1,1689.873
52.0,Male,105.2,1.62,189.0,141.0,61.0,1.36,949.0,HIIT,27.6,3.2,3.0,1.0,40.09,0,2149.502
33.0,Female,45.9,1.5,189.0,144.0,62.0,0.92,662.0,Yoga,29.8,1.7,3.0,1.0,20.4,0,2266.498
58.0,Female,65.2,1.63,167.0,121.0,53.0,1.12,610.0,HIIT,25.4,2.0,3.0,2.0,24.54,0,1960.498
53.0,Female,56.3,1.79,193.0,141.0,59.0,1.52,964.0,Strength,16.5,2.7,5.0,3.0,17.57,1,2841.095
50.0,Male,90.0,1.7,168.0,124.0,74.0,0.81,497.0,Cardio,22.9,2.7,2.0,1.0,31.14,3,2432.677
21.0,Female,60.0,1.7,179.0,123.0,52.0,1.97,1212.0,Strength,19.1,2.7,5.0,3.0,20.76,4,3139.75
50.0,Male,51.5,1.71,199.0,155.0,64.0,1.48,1136.0,Yoga,20.9,2.9,2.0,1.0,17.61,0,2194.498
31.0,Female,63.1,1.64,184.0,125.0,51.0,1.54,962.0,Cardio,19.0,2.7,4.0,3.0,23.46,0,2118.0
38.0,Male,91.5,1.77,178.0,140.0,74.0,0.8,616.0,Yoga,26.7,3.4,2.0,1.0,29.21,1,1798.163
37.0,Male,48.7,1.67,164.0,132.0,74.0,1.39,1009.0,Yoga,27.3,3.0,2.0,1.0,17.46,0,2320.498
25.0,Female,57.8,1.56,170.0,156.0,66.0,1.35,1053.0,Yoga,29.3,1.6,3.0,2.0,23.75,0,1570.8
24.0,Female,42.0,1.75,174.0,144.0,55.0,0.83,598.0,Strength,31.8,2.3,3.0,1.0,13.71,1,1793.003
20.0,Male,128.4,1.92,167.0,145.0,57.0,0.63,502.0,Cardio,26.1,2.0,2.0,1.0,34.83,0,1630.8
34.0,Female,74.2,1.57,178.0,158.0,52.0,1.47,1161.0,Cardio,32.7,2.4,3.0,1.0,30.1,1,2236.092
50.0,Male,89.6,1.68,182.0,139.0,74.0,1.79,1232.0,Cardio,12.2,3.5,5.0,3.0,31.75,0,1651.502
29.0,Male,125.9,2.0,186.0,152.0,67.0,1.36,1137.0,Strength,24.7,3.1,4.0,2.0,31.48,0,1530.302
39.0,Male,105.5,1.99,199.0,133.0,71.0,0.81,593.0,HIIT,26.4,2.5,2.0,1.0,26.64,0,1471.8
39.0,Male,93.4,1.7,191.0,155.0,50.0,1.1,938.0,Strength,21.1,2.5,4.0,2.0,32.32,0,1623.298
47.0,Male,82.1,1.84,185.0,136.0,65.0,1.37,922.0,Strength,24.4,3.4,4.0,2.0,24.25,0,1861.8
55.0,Female,42.9,1.69,186.0,140.0,56.0,0.9,567.0,Yoga,34.7,2.4,2.0,1.0,15.02,1,1841.127
55.0,Male,128.4,1.68,178.0,165.0,52.0,1.13,923.0,Cardio,20.4,2.6,4.0,2.0,45.49,0,1767.0
25.0,Male,112.4,1.96,188.0,135.0,72.0,1.42,1054.0,Cardio,23.2,2.5,2.0,1.0,29.26,0,1726.8
44.0,Female,77.7,1.79,198.0,165.0,53.0,1.41,1047.0,HIIT,28.1,2.2,3.0,1.0,24.25,0,1687.502
44.0,Male,89.3,1.99,192.0,135.0,58.0,1.4,936.0,HIIT,26.3,2.0,4.0,2.0,22.55,1,2579.843
51.0,Female,70.3,1.55,178.0,139.0,54.0,1.4,876.0,Yoga,26.1,1.6,3.0,1.0,29.26,0,1444.8
38.0,Female,59.1,1.72,196.0,148.0,68.0,1.07,792.0,Cardio,31.3,1.7,3.0,2.0,19.98,0,1951.502
47.0,Female,49.9,1.69,178.0,147.0,64.0,1.48,979.0,HIIT,26.0,1.7,3.0,2.0,17.47,0,1993.502
50.0,Male,101.7,1.67,192.0,127.0,57.0,0.53,333.0,HIIT,20.9,2.9,2.0,1.0,36.47,0,2502.0
45.0,Male,93.0,1.91,175.0,143.0,55.0,1.03,729.0,Cardio,27.3,3.7,3.0,2.0,25.49,2,1949.516
50.0,Male,87.4,1.6,182.0,122.0,67.0,0.77,465.0,Strength,23.2,3.1,2.0,1.0,34.14,3,3059.723
22.0,Female,55.1,1.61,166.0,144.0,68.0,1.62,1166.0,HIIT,19.9,2.7,4.0,3.0,21.26,0,1552.8
36.0,Male,123.7,1.69,185.0,138.0,73.0,1.3,987.0,Cardio,20.4,2.1,4.0,2.0,43.31,0,2440.498
21.0,Female,61.3,1.57,191.0,152.0,64.0,1.94,1474.0,HIIT,17.2,2.7,4.0,3.0,24.87,0,1971.0
52.0,Male,72.3,1.94,171.0,121.0,56.0,1.46,874.0,Yoga,21.1,2.9,3.0,2.0,19.21,1,1605.658
34.0,Female,69.2,1.53,167.0,134.0,59.0,1.36,911.0,HIIT,28.5,2.1,2.0,1.0,29.56,0,2166.0
45.0,Male,81.4,1.61,164.0,141.0,55.0,1.14,796.0,Cardio,30.0,2.2,4.0,2.0,31.4,4,2446.721
47.0,Male,84.8,1.86,187.0,129.0,63.0,1.85,1181.0,HIIT,14.4,3.5,5.0,3.0,24.51,0,1984.8
46.0,Male,55.1,1.72,164.0,137.0,66.0,1.43,970.0,Yoga,20.5,3.6,3.0,2.0,18.62,0,2433.0
23.0,Female,59.0,1.78,185.0,141.0,58.0,1.67,1177.0,Yoga,17.8,2.7,5.0,3.0,18.62,0,2251.502
52.0,Female,64.9,1.51,164.0,165.0,68.0,1.83,1359.0,HIIT,18.2,2.7,4.0,3.0,28.46,0,1707.298
58.0,Male,109.7,1.75,181.0,168.0,54.0,1.01,840.0,HIIT,22.1,2.7,2.0,1.0,35.82,4,3213.372
54.0,Male,78.4,1.9,174.0,146.0,72.0,0.81,585.0,Yoga,21.5,3.7,2.0,1.0,21.72,4,3096.997
41.0,Female,76.7,1.79,172.0,132.0,56.0,1.4,832.0,Yoga,34.0,2.0,4.0,2.0,23.94,0,2334.0
46.0,Female,63.1,1.61,187.0,152.0,68.0,1.0,684.0,Strength,34.7,2.2,4.0,2.0,24.34,0,2043.0
48.0,Female,62.9,1.58,192.0,124.0,69.0,1.98,1105.0,Strength,20.0,2.7,4.0,3.0,25.2,0,1864.8
52.0,Male,85.6,1.74,182.0,145.0,56.0,1.84,1321.0,Yoga,13.9,3.5,4.0,3.0,28.27,0,2040.0
50.0,Female,66.3,1.57,192.0,132.0,73.0,1.25,742.0,HIIT,31.6,1.6,2.0,1.0,26.9,0,2001.0
38.0,Male,61.3,1.97,177.0,146.0,51.0,1.37,1100.0,Cardio,23.5,2.8,3.0,1.0,15.8,0,1783.502
49.0,Female,44.1,1.65,189.0,133.0,74.0,1.16,694.0,HIIT,26.7,1.8,4.0,2.0,16.2,0,2125.502
40.0,Male,63.8,1.62,185.0,143.0,72.0,1.3,1022.0,HIIT,20.8,3.4,2.0,1.0,24.31,0,2059.502
50.0,Female,55.4,1.55,175.0,122.0,65.0,1.85,1016.0,Strength,18.5,2.7,4.0,3.0,23.06,0,1845.298
20.0,Female,74.7,1.58,172.0,166.0,62.0,1.04,863.0,Strength,32.8,2.4,3.0,2.0,29.92,0,2046.0
35.0,Female,78.0,1.67,198.0,168.0,57.0,1.13,949.0,Strength,33.3,2.5,4.0,2.0,27.97,4,3510.248
42.0,Female,57.5,1.67,192.0,149.0,55.0,1.14,764.0,Yoga,34.1,2.4,2.0,1.0,20.62,0,1698.0
59.0,Female,60.7,1.73,185.0,154.0,55.0,1.03,714.0,Yoga,33.8,2.5,3.0,2.0,20.28,1,2927.036
48.0,Male,69.0,1.74,160.0,167.0,58.0,1.48,1223.0,HIIT,30.0,2.3,3.0,2.0,22.79,4,2462.876
20.0,Female,75.8,1.78,197.0,133.0,53.0,1.42,944.0,HIIT,27.4,2.0,4.0,2.0,23.92,0,2002.498
57.0,Female,75.7,1.63,161.0,131.0,60.0,0.69,407.0,Cardio,32.6,2.3,3.0,1.0,28.49,0,1455.298
41.0,Female,71.2,1.64,165.0,147.0,54.0,1.42,939.0,HIIT,30.9,2.3,3.0,2.0,26.47,0,1470.302
49.0,Male,85.0,1.68,197.0,163.0,74.0,1.82,1468.0,HIIT,11.3,3.5,4.0,3.0,30.12,2,1844.884
39.0,Female,63.6,1.56,183.0,148.0,66.0,1.22,903.0,Strength,34.8,2.4,2.0,1.0,26.13,0,1278.302
40.0,Male,73.2,1.94,177.0,162.0,69.0,0.81,722.0,Strength,29.0,2.4,2.0,1.0,19.45,0,1585.502
19.0,Female,48.3,1.52,186.0,136.0,56.0,0.96,653.0,Strength,26.3,1.6,2.0,1.0,20.91,0,1416.302
44.0,Female,42.8,1.78,167.0,159.0,64.0,1.49,1066.0,Strength,25.3,2.6,3.0,2.0,13.51,1,1669.25
59.0,Male,88.1,1.76,187.0,168.0,74.0,1.35,1123.0,Strength,26.9,3.0,3.0,2.0,28.44,0,2340.0
19.0,Female,72.4,1.75,169.0,140.0,64.0,1.2,840.0,Cardio,31.0,1.7,4.0,2.0,23.64,0,1317.298
43.0,Male,73.2,1.88,176.0,142.0,63.0,1.17,822.0,Cardio,29.4,3.3,3.0,1.0,20.71,2,2660.185
34.0,Male,110.5,1.86,188.0,139.0,62.0,1.42,1086.0,Cardio,22.3,3.6,2.0,1.0,31.94,0,1885.502
57.0,Female,46.1,1.76,165.0,130.0,60.0,1.44,842.0,Strength,25.8,1.7,3.0,2.0,14.88,0,1557.298
50.0,Male,90.8,1.71,173.0,153.0,62.0,1.07,810.0,Yoga,22.6,3.4,4.0,2.0,31.05,0,2061.0
26.0,Female,59.3,1.51,181.0,129.0,71.0,1.7,1096.0,Strength,15.1,2.7,5.0,3.0,26.01,0,1444.8
56.0,Female,45.1,1.73,165.0,129.0,73.0,0.83,482.0,Strength,25.4,2.6,3.0,1.0,15.07,2,2430.012
46.0,Male,45.0,1.77,185.0,162.0,58.0,1.48,1187.0,Cardio,29.1,3.6,3.0,2.0,14.36,0,1906.498
59.0,Male,89.4,1.62,198.0,125.0,59.0,1.43,885.0,Strength,23.5,3.6,3.0,2.0,34.06,0,1527.298
43.0,Male,127.7,1.69,171.0,155.0,53.0,1.14,875.0,Cardio,24.1,2.9,3.0,2.0,44.71,3,3288.277
52.0,Male,70.9,1.72,194.0,143.0,66.0,1.31,927.0,Strength,20.2,2.6,3.0,2.0,23.97,0,1842.302
42.0,Female,49.2,1.5,173.0,131.0,63.0,1.15,678.0,HIIT,27.7,1.5,3.0,2.0,21.87,0,2136.0
41.0,Female,62.3,1.79,181.0,162.0,73.0,1.99,1451.0,Yoga,19.0,2.7,5.0,3.0,19.44,0,1248.302
30.0,Male,64.1,1.87,182.0,142.0,67.0,0.64,500.0,Yoga,26.2,2.1,2.0,1.0,18.33,0,1612.8
24.0,Female,69.7,1.75,166.0,146.0,60.0,1.41,1029.0,Cardio,32.5,2.0,3.0,1.0,22.76,1,2284.221
53.0,Female,56.9,1.59,199.0,164.0,65.0,1.49,1100.0,HIIT,29.5,2.0,3.0,2.0,22.51,0,2067.0
37.0,Female,53.0,1.71,184.0,156.0,50.0,1.13,881.0,Yoga,28.1,1.7,4.0,2.0,18.13,0,1974.0
18.0,Female,72.7,1.55,172.0,125.0,56.0,0.84,525.0,Cardio,29.8,2.0,3.0,1.0,30.26,0,1510.498
25.0,Male,76.5,1.96,180.0,120.0,59.0,0.67,442.0,Strength,23.2,2.3,3.0,1.0,19.91,0,1933.8
33.0,Male,113.6,1.99,169.0,125.0,58.0,1.38,949.0,Strength,28.4,3.4,2.0,1.0,28.69,0,1936.498
31.0,Female,62.5,1.62,168.0,169.0,74.0,1.56,1318.0,HIIT,16.5,2.7,4.0,3.0,23.81,4,3104.127
29.0,Male,95.2,1.86,174.0,141.0,52.0,0.64,496.0,Yoga,26.6,2.5,2.0,1.0,27.52,0,2161.502
40.0,Male,51.7,1.82,161.0,160.0,71.0,0.9,792.0,Strength,21.4,3.0,3.0,1.0,15.61,0,1780.8
32.0,Male,105.3,1.67,184.0,143.0,72.0,0.57,448.0,Cardio,26.9,2.9,3.0,1.0,37.76,0,1735.502
45.0,Female,71.2,1.68,172.0,144.0,63.0,1.37,888.0,Strength,34.1,1.6,3.0,1.0,25.23,0,2175.0
51.0,Female,78.1,1.51,193.0,134.0,74.0,0.92,555.0,Strength,31.1,2.6,3.0,1.0,34.25,2,2371.887
19.0,Female,50.6,1.68,193.0,145.0,64.0,1.21,877.0,Yoga,30.6,2.1,3.0,2.0,17.93,0,1557.298
49.0,Male,70.2,1.89,194.0,127.0,51.0,0.7,440.0,Yoga,29.6,2.6,3.0,1.0,19.65,0,2098.498
40.0,Female,62.6,1.53,197.0,143.0,73.0,1.93,1380.0,Cardio,18.1,2.7,5.0,3.0,26.74,3,2919.563
39.0,Female,60.6,1.65,162.0,167.0,63.0,0.92,768.0,HIIT,27.6,1.7,3.0,1.0,22.26,0,1813.502
42.0,Male,76.4,1.97,165.0,157.0,65.0,1.14,886.0,HIIT,22.9,2.6,3.0,2.0,19.69,0,1560.302
39.0,Female,63.3,1.71,178.0,125.0,56.0,1.88,1175.0,Strength,18.5,2.7,4.0,3.0,21.65,0,1339.8
39.0,Female,68.6,1.64,162.0,154.0,53.0,1.33,1024.0,Cardio,32.4,1.5,3.0,2.0,25.51,1,2547.182
59.0,Male,123.3,1.88,177.0,161.0,67.0,1.3,1036.0,HIIT,23.0,2.6,4.0,2.0,34.89,0,2365.502
23.0,Male,107.0,1.94,198.0,120.0,73.0,1.35,891.0,HIIT,23.5,2.9,2.0,1.0,28.43,0,1233.298
32.0,Male,68.3,1.92,168.0,165.0,54.0,1.42,1289.0,Strength,29.9,3.5,2.0,1.0,18.53,0,1890.302
54.0,Female,47.8,1.6,171.0,155.0,55.0,1.19,830.0,Cardio,26.0,2.3,4.0,2.0,18.67,0,1936.8
50.0,Female,58.4,1.79,164.0,131.0,56.0,1.6,943.0,HIIT,17.0,2.7,4.0,3.0,18.23,0,2028.0
25.0,Female,74.3,1.71,162.0,157.0,64.0,1.43,1123.0,Yoga,25.6,1.6,3.0,2.0,25.41,0,1401.298
22.0,Male,106.8,1.82,170.0,130.0,50.0,1.0,715.0,Yoga,28.2,2.3,4.0,2.0,32.24,0,1650.0
56.0,Male,125.5,1.8,189.0,131.0,73.0,1.26,817.0,Strength,20.9,2.7,4.0,2.0,38.73,0,1911.0
21.0,Female,55.2,1.55,163.0,161.0,53.0,1.37,1103.0,Strength,31.7,1.7,4.0,2.0,22.98,0,2178.0
23.0,Female,71.4,1.72,164.0,169.0,74.0,1.25,1056.0,Strength,25.6,1.5,2.0,1.0,24.13,0,2263.502
49.0,Male,77.7,1.61,160.0,158.0,50.0,1.03,806.0,Strength,26.7,3.4,3.0,2.0,29.98,0,1596.302
47.0,Male,88.4,1.6,186.0,126.0,60.0,1.86,1160.0,HIIT,14.2,3.5,5.0,3.0,34.53,1,2504.218
52.0,Male,104.8,1.99,187.0,130.0,67.0,0.93,598.0,Cardio,24.0,2.0,2.0,1.0,26.46,1,2322.033
57.0,Male,82.2,1.69,188.0,155.0,63.0,1.15,882.0,Strength,25.2,3.4,4.0,2.0,28.78,0,2095.502
33.0,Female,68.2,1.75,177.0,150.0,71.0,0.85,638.0,Strength,29.0,1.7,2.0,1.0,22.27,0,1620.302
30.0,Male,91.4,1.99,171.0,152.0,60.0,1.37,1145.0,HIIT,23.0,3.7,3.0,2.0,23.08,0,2247.0
59.0,Female,42.1,1.65,172.0,132.0,59.0,1.22,725.0,Strength,33.0,2.2,2.0,1.0,15.46,0,1696.8
47.0,Female,68.7,1.76,161.0,137.0,66.0,1.37,845.0,Strength,27.7,2.4,3.0,2.0,22.18,2,2602.059
36.0,Female,47.2,1.74,196.0,160.0,53.0,1.5,1200.0,Cardio,32.2,1.6,4.0,2.0,15.59,0,2274.0
34.0,Male,92.0,1.76,175.0,143.0,73.0,0.73,574.0,Yoga,22.1,3.5,3.0,1.0,29.7,0,1335.298
36.0,Male,56.2,1.95,183.0,128.0,64.0,1.09,767.0,Strength,22.5,3.4,4.0,2.0,14.78,0,2286.0
45.0,Male,58.4,1.72,194.0,150.0,65.0,1.31,973.0,HIIT,23.4,3.1,4.0,2.0,19.74,0,1576.8
43.0,Male,82.9,1.95,181.0,160.0,70.0,1.9,1505.0,Cardio,12.9,3.5,5.0,3.0,21.8,0,2230.498
54.0,Female,66.9,1.74,195.0,129.0,62.0,1.24,720.0,HIIT,29.5,2.1,2.0,1.0,22.1,0,2017.502
43.0,Male,66.3,1.85,170.0,121.0,58.0,1.18,707.0,Cardio,27.5,3.2,2.0,1.0,19.37,1,2356.407
40.0,Male,93.6,1.93,188.0,157.0,60.0,1.38,1192.0,Cardio,22.1,2.0,3.0,1.0,25.13,1,2048.756
26.0,Female,64.1,1.5,194.0,134.0,60.0,1.93,1293.0,Strength,15.1,2.7,5.0,3.0,28.49,0,1614.0
29.0,Male,86.7,1.62,174.0,122.0,55.0,1.52,1020.0,Strength,13.9,3.5,4.0,3.0,33.04,0,1848.0
18.0,Female,62.0,1.59,190.0,162.0,50.0,1.23,996.0,Strength,33.2,2.2,4.0,2.0,24.52,0,1732.8
18.0,Female,58.1,1.61,175.0,150.0,71.0,1.9,1425.0,Yoga,15.3,2.7,4.0,3.0,22.41,0,1848.0
51.0,Female,64.9,1.6,169.0,125.0,55.0,1.49,838.0,Yoga,31.1,2.5,4.0,2.0,25.35,0,1678.8
49.0,Female,69.3,1.62,191.0,122.0,62.0,1.14,626.0,HIIT,28.8,1.9,4.0,2.0,26.41,0,1642.8
42.0,Female,42.7,1.74,161.0,130.0,71.0,1.04,608.0,Strength,32.9,1.6,3.0,1.0,14.1,0,2650.498
57.0,Female,51.4,1.63,183.0,134.0,73.0,1.2,724.0,Yoga,33.7,2.0,4.0,2.0,19.35,0,1962.0
18.0,Female,67.4,1.6,182.0,164.0,71.0,0.6,492.0,Strength,33.5,2.4,3.0,1.0,26.33,0,2001.0
33.0,Female,55.6,1.61,161.0,147.0,54.0,1.77,1301.0,Yoga,18.9,2.7,4.0,3.0,21.45,0,1966.498
56.0,Male,125.3,1.86,197.0,129.0,64.0,1.0,639.0,Yoga,22.7,2.2,3.0,2.0,36.22,0,2394.0
22.0,Male,102.1,1.85,190.0,157.0,67.0,1.48,1278.0,Cardio,28.1,2.4,4.0,2.0,29.83,0,1885.502
39.0,Male,61.9,1.77,199.0,166.0,69.0,1.32,1205.0,Strength,25.3,2.3,3.0,1.0,19.76,0,1884.0
46.0,Male,108.8,1.64,185.0,169.0,63.0,1.4,1171.0,Strength,20.5,3.4,3.0,1.0,40.45,0,2067.0
20.0,Female,51.1,1.58,188.0,169.0,64.0,0.5,422.0,Yoga,29.6,1.6,2.0,1.0,20.47,0,2316.0
29.0,Male,81.7,1.99,162.0,126.0,54.0,1.45,1005.0,Strength,29.4,3.2,2.0,1.0,20.63,2,2726.065
43.0,Female,42.7,1.66,173.0,134.0,53.0,0.73,440.0,Yoga,33.9,1.9,2.0,1.0,15.5,0,2674.498
33.0,Male,81.8,1.99,184.0,137.0,51.0,1.59,1198.0,Strength,10.5,3.5,4.0,3.0,20.66,0,1546.8
54.0,Male,54.6,1.76,160.0,137.0,56.0,1.28,868.0,Cardio,27.4,3.3,4.0,2.0,17.63,0,2476.498
39.0,Male,107.7,1.88,162.0,160.0,59.0,0.72,634.0,Strength,28.1,3.6,2.0,1.0,30.47,0,1716.0
46.0,Female,56.9,1.6,185.0,143.0,65.0,0.88,566.0,Cardio,27.7,1.6,3.0,1.0,22.23,0,2029.502
31.0,Male,78.8,1.71,177.0,121.0,59.0,1.49,992.0,HIIT,24.7,2.5,4.0,2.0,26.95,0,2425.502
45.0,Female,48.2,1.64,168.0,159.0,67.0,1.25,894.0,Strength,32.1,2.5,4.0,2.0,17.92,0,1758.0
22.0,Female,50.7,1.59,197.0,139.0,66.0,1.27,883.0,Strength,29.4,1.8,3.0,2.0,20.05,0,1612.8
47.0,Male,86.6,1.99,182.0,153.0,70.0,1.98,1500.0,Strength,10.6,3.5,4.0,3.0,21.87,4,3215.756
22.0,Male,96.3,1.63,180.0,162.0,62.0,1.35,1203.0,Cardio,27.1,2.4,4.0,2.0,36.25,0,2170.498
29.0,Male,80.8,1.98,160.0,145.0,50.0,1.65,1316.0,Strength,14.6,3.5,5.0,3.0,20.61,0,1935.298
33.0,Female,58.0,1.53,180.0,126.0,50.0,1.84,1159.0,Strength,18.3,2.7,5.0,3.0,24.78,0,2085.0
43.0,Male,95.9,1.85,186.0,157.0,64.0,1.28,995.0,Yoga,27.7,3.4,2.0,1.0,28.02,0,2016.0
43.0,Female,61.5,1.58,165.0,149.0,50.0,1.86,1247.0,HIIT,16.8,2.7,5.0,3.0,24.64,2,2729.938
38.0,Female,40.6,1.79,195.0,161.0,55.0,0.62,499.0,Cardio,26.8,2.7,2.0,1.0,12.67,1,2179.717
56.0,Male,82.5,1.87,187.0,124.0,74.0,1.51,927.0,Yoga,13.2,3.5,5.0,3.0,23.59,0,1980.0
53.0,Male,105.1,1.84,176.0,130.0,62.0,0.69,444.0,Cardio,23.3,2.9,3.0,1.0,31.04,0,1368.302
50.0,Female,58.1,1.58,199.0,120.0,50.0,1.93,1042.0,Yoga,19.3,2.7,5.0,3.0,23.27,1,1485.339
47.0,Female,61.0,1.76,162.0,153.0,54.0,1.54,1060.0,HIIT,15.6,2.7,5.0,3.0,19.69,0,2166.0
54.0,Female,64.5,1.53,171.0,120.0,58.0,1.74,940.0,Yoga,17.2,2.7,4.0,3.0,27.55,0,1770.302
40.0,Male,58.2,1.98,198.0,138.0,74.0,1.43,1085.0,Cardio,24.0,2.5,3.0,2.0,14.85,1,2829.062
27.0,Female,69.5,1.76,171.0,121.0,66.0,0.94,569.0,Strength,34.4,2.0,3.0,1.0,22.44,0,2523.0
22.0,Male,62.2,1.84,161.0,140.0,65.0,0.51,393.0,Strength,21.5,2.3,3.0,1.0,18.37,0,1687.502
53.0,Female,68.0,1.7,181.0,139.0,57.0,1.06,663.0,HIIT,25.1,2.4,4.0,2.0,23.53,0,2016.302
51.0,Female,56.3,1.5,182.0,142.0,66.0,1.43,914.0,Cardio,27.4,2.4,3.0,1.0,25.02,1,2053.908
48.0,Male,94.5,1.7,189.0,140.0,64.0,1.01,700.0,Cardio,28.2,3.5,3.0,2.0,32.7,0,2277.0
27.0,Female,58.0,1.79,164.0,143.0,73.0,1.39,994.0,Cardio,27.1,1.5,2.0,1.0,18.1,0,1672.498
36.0,Male,84.0,1.94,168.0,123.0,50.0,1.8,1218.0,HIIT,11.2,3.5,5.0,3.0,22.32,0,1960.8
49.0,Male,61.0,1.87,180.0,131.0,61.0,1.14,739.0,Strength,21.3,3.0,4.0,2.0,17.44,0,1587.298
18.0,Female,64.8,1.53,170.0,141.0,54.0,1.98,1396.0,Yoga,18.6,2.7,5.0,3.0,27.68,0,1843.502
22.0,Male,45.7,1.77,164.0,139.0,73.0,1.04,795.0,HIIT,20.7,2.4,3.0,1.0,14.59,0,1884.302
21.0,Male,80.9,1.9,194.0,137.0,55.0,1.8,1356.0,Yoga,11.7,3.5,4.0,3.0,22.41,0,1290.302
33.0,Female,64.1,1.63,186.0,120.0,74.0,1.58,948.0,Strength,16.4,2.7,5.0,3.0,24.13,0,1951.502
41.0,Male,67.0,1.77,161.0,149.0,50.0,1.22,900.0,HIIT,25.6,2.6,3.0,2.0,21.39,1,2230.941
33.0,Male,106.5,1.6,183.0,152.0,74.0,1.4,1170.0,Strength,27.3,3.3,4.0,2.0,41.6,0,1482.302
19.0,Male,95.1,1.85,190.0,143.0,50.0,1.21,952.0,Yoga,25.3,2.3,4.0,2.0,27.79,1,2377.03
45.0,Female,65.5,1.57,192.0,133.0,59.0,0.66,395.0,Cardio,34.3,2.3,2.0,1.0,26.57,0,1890.302
49.0,Male,105.7,1.64,198.0,155.0,59.0,1.2,921.0,Cardio,29.5,3.1,3.0,2.0,39.3,0,2028.302
44.0,Female,48.0,1.76,189.0,124.0,52.0,0.88,491.0,Yoga,28.6,2.6,2.0,1.0,15.5,1,2212.03
37.0,Female,69.5,1.5,196.0,130.0,66.0,0.69,448.0,Cardio,32.8,2.4,2.0,1.0,30.89,0,2065.502
41.0,Male,66.1,1.69,187.0,143.0,68.0,0.77,545.0,Yoga,27.4,3.4,2.0,1.0,23.14,0,1666.8
29.0,Male,68.0,1.7,190.0,150.0,60.0,0.76,627.0,HIIT,28.9,2.9,2.0,1.0,23.53,0,1638.0
52.0,Male,50.3,1.78,170.0,132.0,67.0,0.85,555.0,HIIT,24.5,2.3,2.0,1.0,15.88,0,2257.502
50.0,Female,69.3,1.68,182.0,135.0,51.0,1.2,729.0,HIIT,30.3,2.0,2.0,1.0,24.55,0,1620.0
50.0,Male,86.7,1.63,161.0,143.0,58.0,1.7,1203.0,Cardio,12.1,3.5,4.0,3.0,32.63,0,2064.298
54.0,Male,125.9,1.94,199.0,132.0,73.0,1.35,882.0,Strength,28.5,2.9,3.0,2.0,33.45,0,2059.502
29.0,Male,88.1,1.93,186.0,143.0,66.0,1.88,1479.0,Cardio,11.1,3.5,5.0,3.0,23.65,3,3079.121
20.0,Male,124.3,1.82,194.0,145.0,63.0,1.25,997.0,Cardio,22.4,3.2,3.0,2.0,37.53,0,2238.0
18.0,Male,62.0,1.85,161.0,121.0,53.0,0.88,586.0,Strength,23.7,3.0,3.0,1.0,18.12,0,2163.0
50.0,Female,69.7,1.72,198.0,135.0,66.0,1.24,753.0,Strength,27.3,2.0,4.0,2.0,23.56,0,1984.498
57.0,Female,60.9,1.52,196.0,157.0,66.0,1.31,926.0,Strength,30.6,1.8,3.0,2.0,26.36,1,1880.661
27.0,Male,76.5,1.97,180.0,165.0,61.0,1.13,1025.0,Strength,21.3,2.3,2.0,1.0,19.71,1,2414.843
46.0,Male,94.7,1.82,164.0,120.0,69.0,1.47,873.0,Cardio,23.2,3.2,3.0,2.0,28.59,0,1582.8
30.0,Male,67.9,1.75,180.0,168.0,67.0,1.25,1155.0,Yoga,29.1,3.1,2.0,1.0,22.17,0,1629.298
29.0,Male,121.1,1.87,188.0,130.0,52.0,1.31,937.0,HIIT,24.1,3.2,4.0,2.0,34.63,0,1996.8
48.0,Female,71.5,1.64,179.0,154.0,60.0,1.46,1012.0,Yoga,32.5,1.9,4.0,2.0,26.58,0,1398.302
19.0,Male,98.6,1.7,197.0,162.0,74.0,0.83,740.0,Cardio,21.1,2.4,2.0,1.0,34.12,0,2008.498
52.0,Female,68.2,1.63,179.0,148.0,67.0,1.17,779.0,Strength,27.5,2.4,3.0,1.0,25.67,0,1834.8
40.0,Female,57.7,1.69,184.0,156.0,53.0,1.18,920.0,HIIT,33.1,2.4,4.0,2.0,20.2,0,1807.502
34.0,Male,124.6,1.63,161.0,136.0,66.0,1.41,1055.0,HIIT,27.6,2.8,3.0,2.0,46.9,0,1648.8
43.0,Female,73.0,1.59,191.0,158.0,67.0,1.31,931.0,Yoga,28.9,2.2,3.0,1.0,28.88,1,2028.124
25.0,Female,59.4,1.51,185.0,161.0,54.0,1.62,1304.0,Cardio,19.8,2.7,5.0,3.0,26.05,0,1950.302
46.0,Female,52.0,1.65,165.0,147.0,63.0,0.7,463.0,Cardio,34.1,1.9,2.0,1.0,19.1,0,1512.302
43.0,Female,42.2,1.65,162.0,148.0,59.0,1.33,886.0,Cardio,34.6,2.3,3.0,2.0,15.5,0,2052.298
27.0,Male,89.3,1.64,192.0,162.0,64.0,1.82,1622.0,HIIT,12.1,3.5,4.0,3.0,33.2,1,1588.469
43.0,Male,110.0,1.76,160.0,122.0,50.0,1.09,658.0,Yoga,22.0,3.4,3.0,1.0,35.51,4,2256.724
51.0,Female,66.2,1.58,164.0,129.0,65.0,0.86,499.0,HIIT,31.3,2.3,3.0,1.0,26.52,0,1762.8
58.0,Male,58.6,1.66,172.0,161.0,60.0,1.21,964.0,HIIT,26.8,2.9,2.0,1.0,21.27,0,1977.298
24.0,Male,51.0,1.67,178.0,133.0,72.0,0.97,710.0,Strength,21.3,2.8,3.0,1.0,18.29,1,2423.437
21.0,Male,101.5,1.95,171.0,131.0,69.0,0.97,699.0,Yoga,27.9,3.1,3.0,1.0,26.69,0,1435.8
28.0,Male,114.2,1.87,184.0,166.0,55.0,1.05,959.0,Strength,20.2,3.2,3.0,2.0,32.66,0,1831.8
46.0,Male,54.4,1.72,194.0,161.0,73.0,0.91,725.0,Cardio,24.8,2.9,2.0,1.0,18.39,0,1348.8
53.0,Female,52.4,1.57,171.0,149.0,71.0,1.34,898.0,HIIT,28.3,2.2,3.0,2.0,21.26,0,1677.0
42.0,Male,85.2,1.81,189.0,151.0,65.0,1.54,1151.0,Yoga,13.7,3.5,5.0,3.0,26.01,0,2247.0
38.0,Male,83.6,1.74,164.0,151.0,51.0,1.66,1379.0,Cardio,11.6,3.5,5.0,3.0,27.61,0,1959.298
53.0,Male,115.4,1.92,193.0,161.0,50.0,1.36,1084.0,Yoga,28.3,2.2,4.0,2.0,31.3,0,2116.498
27.0,Male,71.2,1.97,181.0,151.0,73.0,0.74,615.0,HIIT,25.9,3.6,3.0,1.0,18.35,0,1665.298
54.0,Female,78.1,1.6,198.0,145.0,73.0,1.1,718.0,Yoga,32.9,2.4,4.0,2.0,30.51,0,1404.302
26.0,Female,54.2,1.65,172.0,120.0,58.0,1.07,642.0,Cardio,34.9,1.9,4.0,2.0,19.91,0,1725.0
41.0,Female,77.6,1.76,162.0,161.0,71.0,1.27,920.0,Strength,31.8,2.2,4.0,2.0,25.05,0,2008.498
52.0,Female,44.1,1.62,179.0,121.0,61.0,1.41,768.0,HIIT,34.8,1.6,3.0,1.0,16.8,1,1911.596
52.0,Male,85.5,1.8,190.0,136.0,66.0,1.7,1144.0,Strength,10.1,3.5,5.0,3.0,26.39,0,1707.0
53.0,Female,47.8,1.76,164.0,149.0,74.0,1.06,711.0,HIIT,28.4,1.5,4.0,2.0,15.43,0,2370.0
35.0,Male,102.5,1.94,183.0,158.0,64.0,0.84,730.0,Cardio,21.1,2.4,2.0,1.0,27.23,0,1935.298
56.0,Male,118.0,1.9,199.0,126.0,68.0,0.66,412.0,HIIT,22.6,3.2,2.0,1.0,32.69,0,1656.302
49.0,Male,82.3,1.84,192.0,146.0,71.0,1.29,932.0,Strength,28.4,3.4,4.0,2.0,24.31,2,2576.876
41.0,Male,81.6,1.87,167.0,128.0,59.0,1.87,1185.0,HIIT,10.2,3.5,5.0,3.0,23.33,0,2526.0
40.0,Male,60.2,1.88,183.0,141.0,61.0,1.22,946.0,Cardio,25.2,3.0,3.0,2.0,17.03,3,2283.902
49.0,Female,49.2,1.54,179.0,153.0,63.0,1.28,881.0,HIIT,30.7,2.1,3.0,2.0,20.75,0,1791.298
54.0,Female,46.6,1.5,175.0,165.0,58.0,1.38,1025.0,Strength,30.6,2.0,2.0,1.0,20.71,1,2296.25
29.0,Female,68.7,1.72,171.0,168.0,62.0,1.08,907.0,Cardio,29.8,1.7,4.0,2.0,23.22,0,1878.0
30.0,Female,60.6,1.55,172.0,120.0,52.0,1.3,780.0,Strength,32.9,1.6,3.0,2.0,25.22,0,1590.0
40.0,Male,52.1,1.61,198.0,128.0,70.0,0.87,612.0,HIIT,21.3,3.3,2.0,1.0,20.1,0,1729.502
42.0,Female,46.6,1.77,184.0,139.0,63.0,0.61,382.0,Yoga,28.1,2.6,2.0,1.0,14.87,0,2467.502
52.0,Male,65.5,1.74,191.0,138.0,70.0,1.48,1011.0,Strength,26.2,2.8,4.0,2.0,21.63,0,1998.302
58.0,Female,44.2,1.57,183.0,155.0,59.0,1.08,753.0,HIIT,31.9,2.3,3.0,1.0,17.93,0,1585.8
47.0,Male,89.1,1.84,168.0,159.0,65.0,1.44,1133.0,Yoga,24.0,3.6,3.0,2.0,26.32,0,2472.0
34.0,Male,65.9,1.62,199.0,164.0,56.0,0.81,731.0,Yoga,28.8,2.2,2.0,1.0,25.11,0,1674.0
37.0,Female,55.6,1.57,182.0,123.0,53.0,0.97,597.0,Cardio,29.2,2.4,2.0,1.0,22.56,1,1660.655
42.0,Male,63.7,1.98,172.0,128.0,69.0,1.37,868.0,Yoga,24.0,3.0,2.0,1.0,16.25,2,1740.265
39.0,Male,86.2,1.82,191.0,160.0,72.0,1.96,1725.0,Strength,10.2,3.5,5.0,3.0,26.02,3,2003.582
30.0,Female,59.2,1.63,174.0,141.0,74.0,1.85,1304.0,Strength,17.8,2.7,4.0,3.0,22.28,0,2166.0
36.0,Male,85.4,1.88,195.0,137.0,60.0,1.98,1492.0,Yoga,13.5,3.5,5.0,3.0,24.16,0,1600.8
53.0,Female,68.1,1.55,164.0,131.0,65.0,1.41,831.0,HIIT,26.1,2.2,4.0,2.0,28.35,0,1980.0
29.0,Female,60.0,1.62,181.0,161.0,69.0,0.85,684.0,Strength,28.1,1.9,2.0,1.0,22.86,1,1973.127
58.0,Female,74.8,1.69,175.0,162.0,53.0,1.28,933.0,Strength,32.8,2.3,4.0,2.0,26.19,0,1504.8
36.0,Male,90.3,1.65,169.0,158.0,71.0,1.38,1199.0,Cardio,23.7,3.4,4.0,2.0,33.17,0,1914.302
29.0,Male,86.1,1.65,183.0,128.0,71.0,1.66,1169.0,HIIT,11.2,3.5,4.0,3.0,31.63,0,1552.8
26.0,Male,73.7,1.66,177.0,125.0,72.0,0.93,639.0,Yoga,26.7,2.2,2.0,1.0,26.75,0,1645.8
24.0,Female,67.7,1.56,177.0,138.0,66.0,1.42,980.0,HIIT,27.0,2.1,3.0,2.0,27.82,2,2054.135
45.0,Male,78.3,1.96,166.0,167.0,62.0,1.29,1066.0,Cardio,29.0,2.2,3.0,1.0,20.38,0,1771.8
31.0,Female,48.2,1.65,163.0,166.0,60.0,1.1,913.0,Cardio,26.1,2.5,2.0,1.0,17.7,0,1954.8
48.0,Female,56.8,1.51,185.0,126.0,52.0,1.37,777.0,HIIT,32.1,2.1,4.0,2.0,24.91,0,1725.0
36.0,Male,112.4,1.63,164.0,135.0,58.0,1.02,757.0,Cardio,25.0,3.4,4.0,2.0,42.3,0,1588.8
33.0,Female,59.0,1.67,175.0,124.0,55.0,0.9,558.0,Cardio,33.7,1.9,3.0,1.0,21.16,0,1966.498
22.0,Male,98.4,1.88,194.0,135.0,71.0,0.52,386.0,Cardio,21.3,2.2,2.0,1.0,27.84,0,2083.502
52.0,Male,66.5,1.6,185.0,120.0,70.0,1.34,796.0,HIIT,26.8,2.1,4.0,2.0,25.98,0,1320.302
29.0,Male,106.5,1.81,177.0,156.0,60.0,1.29,1107.0,Cardio,25.7,2.5,4.0,2.0,32.51,1,2126.098
42.0,Male,88.4,1.93,188.0,158.0,65.0,1.68,1314.0,Yoga,12.4,3.5,4.0,3.0,23.73,0,1816.498
38.0,Male,88.4,1.79,182.0,138.0,68.0,1.74,1321.0,Yoga,12.5,3.5,5.0,3.0,27.59,4,3429.505
53.0,Female,53.3,1.74,173.0,156.0,54.0,1.37,962.0,Strength,32.2,1.8,3.0,2.0,17.6,0,2304.0
40.0,Female,58.1,1.56,174.0,136.0,63.0,0.61,415.0,Yoga,34.4,2.2,2.0,1.0,23.87,0,1578.302
33.0,Female,74.2,1.76,192.0,145.0,66.0,1.15,834.0,Strength,25.9,1.5,4.0,2.0,23.95,0,1434.302
56.0,Male,84.6,1.63,184.0,141.0,52.0,1.01,705.0,HIIT,20.2,2.9,4.0,2.0,31.84,0,2112.0
59.0,Male,78.0,1.92,180.0,127.0,53.0,0.72,453.0,Cardio,28.1,2.7,3.0,1.0,21.16,0,1384.8
56.0,Male,89.0,1.68,176.0,152.0,65.0,1.77,1332.0,Yoga,10.5,3.5,5.0,3.0,31.53,0,1563.0
31.0,Female,42.7,1.76,182.0,121.0,65.0,1.46,883.0,Strength,34.9,2.2,3.0,1.0,13.78,0,1615.502
48.0,Male,83.9,1.82,176.0,149.0,70.0,1.9,1401.0,HIIT,13.1,3.5,5.0,3.0,25.33,0,1860.0
22.0,Female,78.7,1.52,173.0,166.0,74.0,1.45,1204.0,Strength,31.5,2.3,3.0,2.0,34.06,0,2484.0
52.0,Female,65.9,1.52,188.0,139.0,53.0,1.27,794.0,Cardio,27.0,2.3,4.0,2.0,28.52,0,1920.0
40.0,Male,76.9,1.92,179.0,137.0,68.0,1.13,851.0,Yoga,22.4,3.7,4.0,2.0,20.86,0,2238.0
46.0,Male,84.3,2.0,189.0,162.0,66.0,1.83,1467.0,HIIT,13.3,3.5,5.0,3.0,21.07,0,1956.0
28.0,Female,62.4,1.6,178.0,129.0,62.0,1.1,710.0,Strength,34.1,1.7,3.0,2.0,24.37,0,1906.498
35.0,Male,63.7,1.74,198.0,143.0,71.0,1.03,810.0,HIIT,29.8,2.7,4.0,2.0,21.04,0,1918.498
29.0,Female,54.9,1.52,172.0,123.0,72.0,1.48,910.0,Strength,27.0,2.0,3.0,1.0,23.76,1,1495.655
26.0,Male,76.4,1.79,177.0,156.0,73.0,1.17,1004.0,Strength,21.3,2.7,3.0,2.0,23.84,0,1563.298
27.0,Male,106.4,1.86,182.0,123.0,50.0,1.34,907.0,Cardio,20.6,3.1,2.0,1.0,30.76,1,1772.375
34.0,Female,68.4,1.5,192.0,132.0,61.0,1.37,904.0,Cardio,33.7,2.1,4.0,2.0,30.4,0,2160.0
55.0,Male,63.5,1.86,198.0,144.0,53.0,1.36,969.0,Strength,22.9,2.9,4.0,2.0,18.35,0,1233.298
24.0,Female,59.4,1.5,199.0,132.0,60.0,1.25,825.0,Yoga,25.0,2.0,3.0,2.0,26.4,3,2805.277
30.0,Male,113.4,1.91,177.0,137.0,54.0,1.27,957.0,HIIT,22.2,3.7,3.0,1.0,31.08,0,1842.0
57.0,Female,61.9,1.52,168.0,143.0,51.0,0.92,592.0,HIIT,28.4,2.6,3.0,1.0,26.79,4,2697.997
59.0,Female,70.7,1.68,192.0,121.0,66.0,1.17,637.0,Cardio,34.9,1.9,3.0,2.0,25.05,0,2137.502
26.0,Male,111.5,1.9,191.0,167.0,57.0,1.02,937.0,Yoga,25.2,2.2,2.0,1.0,30.89,0,1434.302
44.0,Female,72.1,1.66,176.0,152.0,55.0,1.4,958.0,Strength,27.0,2.5,2.0,1.0,26.16,3,2936.818
19.0,Male,56.9,1.87,178.0,138.0,70.0,0.61,463.0,Cardio,23.3,3.7,3.0,1.0,16.27,1,2215.469
22.0,Male,86.2,1.9,186.0,128.0,58.0,1.91,1345.0,Strength,11.7,3.5,5.0,3.0,23.88,4,2004.972
46.0,Male,59.4,1.68,165.0,147.0,62.0,1.16,844.0,Strength,20.2,2.5,4.0,2.0,21.05,0,1992.0
54.0,Female,75.6,1.72,194.0,154.0,60.0,0.97,672.0,Cardio,26.4,1.9,3.0,1.0,25.55,0,1395.298
55.0,Female,76.3,1.73,196.0,158.0,65.0,1.08,768.0,Yoga,32.0,2.6,3.0,1.0,25.49,0,2053.502
36.0,Male,95.8,1.86,193.0,129.0,65.0,1.37,972.0,HIIT,21.2,3.2,3.0,1.0,27.69,0,2506.498
25.0,Male,120.6,1.83,179.0,120.0,51.0,1.04,686.0,Cardio,22.3,2.5,3.0,2.0,36.01,0,1771.502
18.0,Female,65.3,1.55,184.0,161.0,59.0,1.42,1143.0,Yoga,28.5,2.2,3.0,2.0,27.18,0,1908.302
39.0,Male,85.3,1.89,163.0,140.0,61.0,0.77,593.0,Strength,27.6,3.6,2.0,1.0,23.88,0,1518.302
34.0,Male,68.0,1.68,169.0,128.0,57.0,0.67,472.0,Cardio,25.8,3.4,2.0,1.0,24.09,4,3427.13
24.0,Female,52.6,1.57,169.0,166.0,60.0,1.29,1071.0,HIIT,31.9,2.4,2.0,1.0,21.34,0,2107.502
42.0,Male,63.3,1.77,183.0,134.0,59.0,1.32,876.0,HIIT,25.7,3.3,3.0,2.0,20.2,3,3273.182
21.0,Female,76.3,1.65,180.0,154.0,62.0,1.14,878.0,Strength,31.8,1.7,3.0,2.0,28.03,0,2163.298
53.0,Male,61.0,1.63,170.0,124.0,74.0,0.54,331.0,Cardio,20.0,3.4,3.0,1.0,22.96,0,1834.8
23.0,Female,67.8,1.61,186.0,160.0,66.0,1.34,1072.0,HIIT,34.3,1.8,2.0,1.0,26.16,0,2587.502
48.0,Male,114.9,1.86,175.0,141.0,56.0,1.36,949.0,Cardio,21.1,3.6,3.0,1.0,33.21,0,2248.498
36.0,Male,88.0,1.71,185.0,160.0,73.0,1.87,1646.0,HIIT,12.0,3.5,5.0,3.0,30.09,0,1735.8
56.0,Female,67.7,1.58,189.0,142.0,52.0,1.45,927.0,Strength,32.7,1.9,2.0,1.0,27.12,0,2046.0
44.0,Male,124.8,1.85,175.0,126.0,69.0,1.35,842.0,Strength,24.4,3.5,4.0,2.0,36.46,0,2028.0
27.0,Female,53.0,1.58,166.0,142.0,62.0,1.26,895.0,Cardio,34.5,1.8,4.0,2.0,21.23,1,2160.472
43.0,Male,61.2,1.88,175.0,163.0,68.0,1.03,831.0,Yoga,24.7,2.9,3.0,1.0,17.32,0,1341.298
36.0,Female,48.7,1.68,194.0,144.0,56.0,1.23,886.0,Yoga,33.7,1.6,3.0,1.0,17.25,1,2201.723
56.0,Female,50.6,1.7,175.0,146.0,58.0,1.29,848.0,Strength,33.1,2.3,2.0,1.0,17.51,0,1764.302
20.0,Female,72.6,1.73,199.0,160.0,68.0,1.27,1016.0,HIIT,34.8,2.5,3.0,2.0,24.26,0,1543.502
30.0,Female,70.4,1.56,171.0,125.0,62.0,1.03,644.0,Yoga,34.3,2.4,4.0,2.0,28.93,0,1888.8
45.0,Male,52.5,1.88,194.0,153.0,71.0,1.08,818.0,Strength,29.0,2.9,4.0,2.0,14.85,3,2665.13
37.0,Male,76.3,1.77,180.0,128.0,57.0,1.36,957.0,HIIT,27.3,2.1,4.0,2.0,24.35,0,1864.8
45.0,Female,41.2,1.58,195.0,168.0,71.0,1.47,1111.0,HIIT,28.7,2.6,2.0,1.0,16.5,0,1755.0
25.0,Female,55.3,1.76,176.0,152.0,67.0,1.56,1186.0,Yoga,15.5,2.7,4.0,3.0,17.85,0,1578.0
58.0,Female,49.7,1.67,191.0,125.0,72.0,1.38,776.0,Strength,31.9,2.3,4.0,2.0,17.82,0,1258.8
56.0,Male,48.3,1.87,165.0,156.0,51.0,0.68,525.0,HIIT,29.8,3.3,3.0,1.0,13.81,0,1758.302
18.0,Male,83.2,1.96,183.0,150.0,67.0,1.83,1510.0,HIIT,13.6,3.5,4.0,3.0,21.66,0,1572.302
20.0,Male,120.5,1.73,186.0,153.0,67.0,1.01,850.0,Cardio,29.3,3.4,3.0,2.0,40.26,0,2631.0
30.0,Male,121.6,2.0,179.0,160.0,60.0,1.24,1091.0,Cardio,28.0,3.3,4.0,2.0,30.4,0,1926.302
45.0,Female,73.0,1.75,184.0,148.0,50.0,1.14,759.0,Yoga,26.6,2.0,4.0,2.0,23.84,1,2696.723
42.0,Female,57.5,1.67,161.0,133.0,63.0,1.76,1053.0,Cardio,16.2,2.7,5.0,3.0,20.62,0,2398.498
50.0,Female,42.7,1.53,168.0,155.0,65.0,1.41,983.0,Strength,28.4,2.4,4.0,2.0,18.24,2,2491.622
55.0,Male,129.9,1.73,187.0,155.0,60.0,0.69,529.0,Yoga,21.7,3.1,3.0,1.0,43.4,0,2010.302
23.0,Male,108.6,1.92,197.0,134.0,50.0,0.89,656.0,Yoga,25.8,3.5,2.0,1.0,29.46,0,1543.502
49.0,Male,88.6,2.0,162.0,127.0,56.0,1.83,1150.0,Cardio,14.9,3.5,4.0,3.0,22.15,0,1444.8
38.0,Female,49.7,1.51,179.0,145.0,65.0,1.25,906.0,HIIT,32.6,2.5,3.0,1.0,21.8,0,1657.502
33.0,Female,56.4,1.54,165.0,155.0,63.0,1.06,822.0,Strength,29.2,1.5,3.0,1.0,23.78,0,2442.0
38.0,Male,46.9,1.74,198.0,167.0,64.0,1.03,946.0,Strength,20.0,2.6,4.0,2.0,15.49,0,1948.8
28.0,Female,71.3,1.67,192.0,140.0,63.0,1.46,1022.0,Strength,28.1,1.5,4.0,2.0,25.57,1,1860.033
54.0,Male,71.6,1.86,160.0,147.0,70.0,1.14,830.0,Yoga,25.3,2.2,3.0,2.0,20.7,0,2092.498
53.0,Male,82.3,1.61,196.0,123.0,60.0,1.87,1139.0,Strength,11.6,3.5,5.0,3.0,31.75,0,1374.302
52.0,Female,70.6,1.69,165.0,135.0,65.0,1.36,826.0,HIIT,26.1,2.2,3.0,1.0,24.72,0,1669.502
36.0,Male,109.8,1.62,193.0,141.0,68.0,0.84,651.0,HIIT,24.4,3.5,3.0,1.0,41.84,1,1713.935
37.0,Female,73.5,1.69,174.0,131.0,66.0,0.54,354.0,Cardio,27.5,1.6,2.0,1.0,25.73,1,2572.97
35.0,Male,85.6,1.85,185.0,135.0,55.0,1.78,1322.0,Strength,14.5,3.5,5.0,3.0,25.01,0,1312.8
58.0,Female,74.6,1.68,173.0,159.0,60.0,1.03,737.0,Yoga,26.0,2.0,4.0,2.0,26.43,1,2717.342
31.0,Female,63.2,1.8,166.0,157.0,66.0,0.59,463.0,Cardio,25.5,2.6,2.0,1.0,19.51,0,1854.0
32.0,Female,62.6,1.63,190.0,161.0,58.0,1.67,1344.0,HIIT,15.0,2.7,5.0,3.0,23.56,0,1741.8
48.0,Male,87.1,1.76,183.0,156.0,67.0,1.81,1398.0,Strength,11.6,3.5,5.0,3.0,28.12,2,2778.372
18.0,Male,82.3,1.84,190.0,148.0,66.0,1.73,1408.0,HIIT,13.3,3.5,5.0,3.0,24.31,1,2151.873
20.0,Female,64.3,1.78,188.0,137.0,61.0,1.71,1171.0,Cardio,18.7,2.7,4.0,3.0,20.29,2,2154.89
33.0,Female,53.7,1.66,191.0,129.0,72.0,1.25,806.0,HIIT,29.5,2.5,3.0,1.0,19.49,0,1974.0
40.0,Male,63.0,2.0,176.0,161.0,71.0,1.42,1257.0,Strength,26.8,2.9,4.0,2.0,15.75,0,1957.502
28.0,Male,128.4,1.86,173.0,158.0,71.0,1.06,921.0,Strength,23.6,3.3,4.0,2.0,37.11,0,1362.302
29.0,Male,88.0,1.89,199.0,137.0,54.0,1.75,1319.0,Cardio,13.3,3.5,5.0,3.0,24.64,2,2269.2
27.0,Female,63.7,1.52,195.0,120.0,60.0,1.19,714.0,Strength,25.4,2.1,4.0,2.0,27.57,0,1627.502
49.0,Male,83.7,1.87,183.0,158.0,53.0,1.29,1009.0,HIIT,23.9,2.3,4.0,2.0,23.94,0,2440.498
33.0,Male,102.6,1.75,186.0,140.0,53.0,1.4,1078.0,HIIT,27.9,2.2,3.0,2.0,33.5,0,2314.498
25.0,Female,77.7,1.55,184.0,120.0,52.0,0.55,330.0,Yoga,33.0,1.7,2.0,1.0,32.34,0,1812.302
55.0,Male,87.5,1.88,191.0,134.0,73.0,1.19,789.0,Yoga,27.2,2.6,4.0,2.0,24.76,0,1411.8
29.0,Male,87.0,1.86,177.0,123.0,72.0,1.52,1028.0,Yoga,11.0,3.5,4.0,3.0,25.15,0,1344.302
41.0,Male,82.8,1.66,177.0,139.0,74.0,1.97,1355.0,HIIT,11.2,3.5,5.0,3.0,30.05,2,2121.956
45.0,Female,65.4,1.68,196.0,129.0,66.0,0.76,441.0,HIIT,35.0,2.6,3.0,1.0,23.17,2,2170.382
25.0,Female,47.2,1.71,185.0,142.0,56.0,0.89,632.0,Cardio,26.0,2.5,2.0,1.0,16.14,0,2539.502
45.0,Female,58.2,1.7,168.0,160.0,53.0,0.95,684.0,Yoga,26.8,2.0,3.0,1.0,20.14,0,1117.8
53.0,Female,73.5,1.55,194.0,153.0,72.0,1.17,806.0,HIIT,26.3,2.1,4.0,2.0,30.59,0,2458.498
43.0,Female,55.2,1.73,167.0,165.0,62.0,1.67,1240.0,Cardio,16.6,2.7,5.0,3.0,18.44,1,2420.003
25.0,Female,64.4,1.71,179.0,167.0,61.0,1.12,935.0,HIIT,27.1,1.8,3.0,1.0,22.02,0,1669.502
45.0,Female,73.5,1.74,181.0,152.0,50.0,1.18,807.0,Cardio,30.0,2.3,4.0,2.0,24.28,0,2014.498
45.0,Male,89.6,1.81,178.0,153.0,70.0,1.7,1287.0,Yoga,12.4,3.5,5.0,3.0,27.35,0,2268.0
54.0,Male,86.5,1.76,189.0,158.0,68.0,1.48,1158.0,Yoga,29.0,3.4,3.0,2.0,27.92,0,2373.0
58.0,Female,46.1,1.67,187.0,129.0,70.0,1.28,743.0,Yoga,25.3,1.8,4.0,2.0,16.53,4,3308.375
53.0,Male,68.5,1.97,194.0,139.0,69.0,1.3,894.0,HIIT,23.2,2.1,3.0,2.0,17.65,0,1909.8
44.0,Male,94.6,1.84,170.0,120.0,67.0,1.26,748.0,HIIT,26.0,3.1,4.0,2.0,27.94,2,2373.828
34.0,Female,54.2,1.52,190.0,132.0,60.0,1.13,746.0,Cardio,31.0,2.2,3.0,1.0,23.46,0,1782.302
26.0,Male,47.7,1.77,198.0,120.0,69.0,1.15,759.0,Strength,24.8,2.7,3.0,2.0,15.23,1,2201.723
50.0,Male,52.2,1.84,195.0,124.0,52.0,1.38,847.0,Strength,28.2,3.1,4.0,2.0,15.42,0,1356.302
37.0,Male,88.8,1.95,189.0,135.0,66.0,1.58,1173.0,Yoga,10.3,3.5,5.0,3.0,23.35,0,1726.8
30.0,Male,101.0,1.68,182.0,134.0,61.0,1.46,1076.0,Strength,28.2,2.9,4.0,2.0,35.79,0,1546.8
45.0,Male,118.4,1.95,178.0,168.0,59.0,1.06,881.0,Yoga,24.9,2.4,3.0,2.0,31.14,0,1927.502
46.0,Female,47.9,1.72,171.0,147.0,57.0,1.41,933.0,Cardio,26.3,2.0,3.0,1.0,16.19,0,1917.298
30.0,Female,51.5,1.74,174.0,150.0,64.0,1.08,810.0,Strength,33.9,2.0,3.0,2.0,17.01,0,1896.302
52.0,Female,79.9,1.51,190.0,142.0,54.0,0.75,479.0,Strength,31.5,2.6,3.0,1.0,35.04,0,1437.298
23.0,Male,121.3,1.85,196.0,167.0,53.0,0.72,661.0,Yoga,21.6,3.6,2.0,1.0,35.44,1,2236.092
35.0,Female,78.9,1.64,196.0,164.0,70.0,1.28,1050.0,Cardio,25.3,2.6,4.0,2.0,29.34,2,2541.997
22.0,Male,88.5,1.62,174.0,162.0,69.0,1.88,1675.0,Strength,10.7,3.5,5.0,3.0,33.72,4,3184.87
42.0,Male,73.5,1.63,188.0,136.0,68.0,0.52,350.0,Strength,26.1,3.2,3.0,1.0,27.66,0,1620.0
19.0,Male,127.9,1.93,185.0,168.0,70.0,1.27,1173.0,Strength,21.8,3.0,4.0,2.0,34.34,0,1860.302
27.0,Male,88.5,1.98,161.0,153.0,53.0,1.8,1515.0,Cardio,11.1,3.5,4.0,3.0,22.57,1,2366.723
47.0,Female,43.4,1.62,179.0,132.0,64.0,0.51,303.0,Cardio,25.3,2.3,3.0,1.0,16.54,2,2788.059
22.0,Female,42.8,1.56,174.0,133.0,66.0,1.47,978.0,Strength,32.2,2.6,3.0,2.0,17.59,0,2473.502
50.0,Male,64.5,1.79,163.0,130.0,61.0,1.17,753.0,Yoga,28.1,2.4,4.0,2.0,20.13,1,2628.31
18.0,Female,50.7,1.53,181.0,147.0,52.0,1.29,948.0,Yoga,33.0,2.1,3.0,2.0,21.66,0,1372.8
35.0,Male,59.2,1.66,197.0,161.0,59.0,1.3,1151.0,Strength,21.3,3.2,3.0,1.0,21.48,0,1878.302
49.0,Female,78.9,1.73,182.0,151.0,64.0,1.38,938.0,Cardio,34.0,2.3,2.0,1.0,26.36,0,1572.302
28.0,Female,78.7,1.63,185.0,154.0,59.0,1.1,847.0,Strength,31.7,1.8,3.0,2.0,29.62,0,1474.8
38.0,Male,68.7,1.92,170.0,150.0,73.0,1.31,1081.0,Cardio,29.0,3.0,4.0,2.0,18.64,0,2244.0
43.0,Female,53.1,1.59,187.0,136.0,72.0,0.82,502.0,Strength,29.5,2.5,2.0,1.0,21.0,2,2636.938
42.0,Male,64.8,1.65,161.0,166.0,67.0,1.1,904.0,Cardio,24.4,2.8,3.0,2.0,23.8,0,2418.0
39.0,Female,50.3,1.61,167.0,128.0,50.0,1.17,749.0,HIIT,32.8,2.5,2.0,1.0,19.41,0,1537.502
44.0,Male,102.3,1.63,188.0,129.0,52.0,1.34,856.0,Yoga,20.9,2.6,4.0,2.0,38.5,0,2064.298
30.0,Male,62.9,1.92,170.0,127.0,70.0,1.13,789.0,HIIT,25.2,3.6,2.0,1.0,17.06,2,2491.622
50.0,Female,56.5,1.6,196.0,140.0,61.0,1.88,1184.0,Yoga,19.2,2.7,5.0,3.0,22.07,0,1711.8
51.0,Female,74.6,1.55,177.0,132.0,50.0,0.71,422.0,Cardio,33.3,2.1,2.0,1.0,31.05,1,2229.215
58.0,Male,52.0,1.79,173.0,169.0,52.0,1.12,937.0,HIIT,29.6,3.0,3.0,1.0,16.23,0,1747.502
52.0,Female,52.1,1.67,169.0,124.0,52.0,1.5,837.0,Yoga,32.0,1.5,2.0,1.0,18.68,0,2262.0
18.0,Female,72.2,1.54,194.0,125.0,54.0,0.97,606.0,Strength,27.1,1.7,2.0,1.0,30.44,0,1797.298
38.0,Male,85.8,1.8,168.0,149.0,68.0,1.72,1410.0,Cardio,10.1,3.5,4.0,3.0,26.48,0,1698.0
23.0,Male,81.4,1.85,194.0,150.0,74.0,1.6,1320.0,Cardio,12.4,3.5,4.0,3.0,23.78,0,1539.298
45.0,Female,50.9,1.65,170.0,136.0,50.0,1.45,887.0,Strength,30.1,2.3,2.0,1.0,18.7,0,1866.302
34.0,Male,52.0,1.78,171.0,130.0,53.0,1.38,987.0,Strength,22.4,2.7,4.0,2.0,16.41,0,1689.298
22.0,Male,71.0,1.93,162.0,139.0,53.0,1.42,1086.0,Yoga,21.2,2.9,4.0,2.0,19.06,0,1743.298
48.0,Male,80.6,1.77,198.0,167.0,66.0,1.51,1248.0,Cardio,12.9,3.5,4.0,3.0,25.73,0,1449.298
22.0,Female,58.3,1.72,173.0,128.0,63.0,1.0,640.0,Yoga,32.6,1.6,3.0,2.0,19.71,0,1321.8
55.0,Female,63.0,1.7,187.0,121.0,67.0,1.32,719.0,Strength,34.9,2.5,3.0,1.0,21.8,0,2389.502
20.0,Male,111.0,1.94,170.0,156.0,50.0,1.02,875.0,Cardio,27.6,3.3,4.0,2.0,29.49,0,1762.8
40.0,Female,52.6,1.66,198.0,120.0,71.0,1.27,762.0,Strength,32.9,1.7,3.0,2.0,19.09,3,2458.56
54.0,Male,116.4,2.0,184.0,123.0,65.0,1.13,688.0,Yoga,26.2,3.1,3.0,1.0,29.1,0,2458.498
54.0,Female,75.6,1.61,180.0,155.0,52.0,1.41,983.0,Yoga,34.9,2.5,4.0,2.0,29.17,0,1912.8
27.0,Male,61.6,1.8,169.0,144.0,72.0,1.48,1172.0,Yoga,26.4,3.1,2.0,1.0,19.01,0,2148.0
27.0,Male,108.0,1.8,174.0,122.0,70.0,1.38,926.0,Cardio,28.6,2.5,4.0,2.0,33.33,1,1966.25
36.0,Female,59.3,1.75,178.0,128.0,58.0,0.99,634.0,Strength,34.5,2.3,3.0,1.0,19.36,0,2091.0
34.0,Male,75.7,1.94,181.0,141.0,72.0,1.18,915.0,Strength,29.3,2.4,4.0,2.0,20.11,4,3222.873
38.0,Female,56.3,1.6,180.0,142.0,53.0,1.21,859.0,Yoga,28.8,1.9,4.0,2.0,21.99,0,1522.8
31.0,Female,58.2,1.73,191.0,131.0,70.0,1.17,766.0,Yoga,25.8,1.8,3.0,2.0,19.45,0,2479.502
26.0,Male,55.7,1.68,182.0,129.0,54.0,1.13,802.0,Yoga,21.7,2.9,3.0,1.0,19.73,0,2130.0
18.0,Male,125.9,1.67,172.0,153.0,60.0,1.46,1229.0,Yoga,20.6,2.2,3.0,2.0,45.14,0,2362.498
30.0,Female,62.7,1.67,164.0,162.0,70.0,1.02,826.0,HIIT,26.1,2.6,4.0,2.0,22.48,4,3139.75
21.0,Male,86.6,1.86,163.0,129.0,58.0,1.37,972.0,HIIT,21.8,2.6,3.0,2.0,25.03,0,1588.8
18.0,Male,64.5,1.82,187.0,149.0,52.0,1.2,983.0,HIIT,23.4,2.4,3.0,2.0,19.47,0,1659.298
57.0,Male,76.6,1.86,173.0,141.0,55.0,1.14,796.0,Yoga,25.4,2.8,4.0,2.0,22.14,0,1654.498
49.0,Male,81.4,1.83,167.0,125.0,73.0,1.98,1225.0,Yoga,13.6,3.5,5.0,3.0,24.31,1,1478.466
51.0,Male,60.7,1.71,168.0,169.0,60.0,1.14,954.0,Strength,22.1,2.5,2.0,1.0,20.76,0,1627.502
45.0,Female,57.2,1.55,194.0,121.0,58.0,1.67,909.0,Cardio,18.4,2.7,5.0,3.0,23.81,0,1695.298
48.0,Female,73.0,1.59,196.0,149.0,64.0,1.19,798.0,Strength,32.0,2.1,3.0,2.0,28.88,0,1960.498
25.0,Male,123.8,1.99,180.0,121.0,72.0,1.13,752.0,HIIT,25.6,2.6,3.0,1.0,31.26,1,1835.967
56.0,Male,93.6,1.66,177.0,151.0,52.0,1.37,1024.0,Strength,29.0,2.2,2.0,1.0,33.97,0,1620.0
43.0,Male,76.8,1.92,192.0,161.0,50.0,1.24,988.0,Yoga,21.1,2.5,3.0,1.0,20.83,4,2351.727
51.0,Female,54.7,1.53,167.0,135.0,69.0,1.11,674.0,HIIT,26.8,2.0,4.0,2.0,23.37,0,1894.498
20.0,Male,92.3,1.94,176.0,131.0,71.0,1.14,821.0,HIIT,24.3,2.1,3.0,2.0,24.52,0,2154.0
29.0,Female,71.8,1.55,190.0,120.0,68.0,1.2,720.0,Cardio,26.3,2.4,4.0,2.0,29.89,0,2437.502
18.0,Female,66.9,1.57,193.0,127.0,63.0,1.07,679.0,Cardio,30.7,2.2,3.0,2.0,27.14,1,2543.756
22.0,Female,48.7,1.76,165.0,167.0,66.0,1.37,1144.0,HIIT,29.0,2.2,4.0,2.0,15.72,0,2478.0
47.0,Male,66.2,1.71,181.0,169.0,71.0,1.42,1188.0,HIIT,22.8,2.9,3.0,1.0,22.64,2,2357.938
47.0,Female,40.0,1.76,173.0,132.0,63.0,0.8,475.0,Strength,26.7,2.2,3.0,1.0,12.91,0,1996.8
34.0,Male,112.4,1.85,162.0,134.0,66.0,1.18,870.0,HIIT,23.4,3.6,4.0,2.0,32.84,1,2255.003
40.0,Female,70.0,1.55,171.0,163.0,74.0,0.85,693.0,Yoga,31.1,1.5,3.0,1.0,29.14,0,2245.502
32.0,Male,84.0,1.74,195.0,127.0,63.0,1.45,1013.0,Strength,25.8,2.1,3.0,1.0,27.74,0,1474.8
54.0,Female,43.8,1.65,171.0,129.0,61.0,1.29,749.0,Yoga,26.6,1.7,4.0,2.0,16.09,4,3360.625
38.0,Male,123.3,1.62,161.0,165.0,65.0,1.34,1216.0,Yoga,21.2,2.3,4.0,2.0,46.98,0,1855.502
31.0,Female,57.9,1.56,161.0,124.0,50.0,1.8,1116.0,Yoga,15.1,2.7,5.0,3.0,23.79,0,2484.0
19.0,Male,82.4,1.96,174.0,169.0,62.0,1.9,1766.0,HIIT,10.1,3.5,5.0,3.0,21.45,0,1443.298
28.0,Male,84.8,1.79,182.0,138.0,55.0,1.35,1025.0,Cardio,28.8,2.3,4.0,2.0,26.47,0,1326.302
56.0,Male,109.6,1.66,188.0,166.0,66.0,1.29,1060.0,Cardio,20.5,3.1,3.0,2.0,39.77,0,2116.498
55.0,Male,86.4,1.77,176.0,157.0,61.0,1.0,777.0,Yoga,27.3,2.8,3.0,2.0,27.58,0,2040.0
51.0,Female,63.9,1.8,191.0,130.0,72.0,1.07,626.0,HIIT,33.7,2.7,4.0,2.0,19.72,1,1612.531
55.0,Female,70.8,1.62,166.0,162.0,68.0,0.54,394.0,Strength,26.0,1.8,3.0,1.0,26.98,0,1738.8
51.0,Male,115.3,1.67,189.0,139.0,55.0,1.38,950.0,Yoga,24.4,2.5,3.0,2.0,41.34,0,2223.0
35.0,Female,55.3,1.56,187.0,139.0,56.0,1.71,1188.0,Strength,19.8,2.7,5.0,3.0,22.72,0,1632.302
47.0,Male,73.9,1.8,173.0,140.0,50.0,1.36,942.0,Strength,28.3,3.7,3.0,1.0,22.81,0,1408.8
32.0,Male,97.3,1.96,189.0,137.0,50.0,1.36,1025.0,HIIT,24.9,3.4,3.0,2.0,25.33,1,2208.596
44.0,Female,60.4,1.65,176.0,169.0,54.0,1.27,966.0,HIIT,32.6,2.1,4.0,2.0,22.19,0,2233.502
51.0,Male,49.3,1.61,191.0,129.0,55.0,1.36,868.0,Cardio,28.3,2.9,2.0,1.0,19.02,0,1530.302
55.0,Male,91.8,1.78,165.0,153.0,65.0,1.44,1091.0,Cardio,23.5,3.4,3.0,1.0,28.97,1,1815.0
50.0,Female,73.6,1.55,183.0,145.0,74.0,0.89,581.0,HIIT,33.9,2.1,3.0,1.0,30.63,1,1543.779
41.0,Male,47.1,1.78,165.0,149.0,65.0,1.26,929.0,Yoga,24.7,2.4,3.0,1.0,14.87,0,2418.0
32.0,Male,65.2,1.62,186.0,128.0,63.0,0.58,408.0,Cardio,25.3,3.4,2.0,1.0,24.84,2,1957.262
47.0,Male,87.2,1.64,177.0,165.0,50.0,2.0,1634.0,Strength,15.0,3.5,4.0,3.0,32.42,0,1857.0
59.0,Male,96.7,1.71,183.0,150.0,62.0,0.57,423.0,Yoga,28.4,2.9,3.0,1.0,33.07,1,2198.28
34.0,Female,46.9,1.61,196.0,161.0,69.0,1.02,821.0,Strength,28.6,1.7,3.0,2.0,18.09,0,1866.0
22.0,Female,72.1,1.62,183.0,123.0,59.0,1.38,849.0,HIIT,25.1,2.1,3.0,1.0,27.47,0,1713.298
46.0,Female,62.5,1.54,197.0,125.0,73.0,1.61,906.0,Strength,18.1,2.7,4.0,3.0,26.35,0,1879.502
21.0,Male,110.7,1.69,193.0,133.0,59.0,1.06,775.0,Yoga,27.0,2.7,3.0,1.0,38.76,0,1663.502
27.0,Male,102.6,1.83,199.0,123.0,58.0,1.41,954.0,HIIT,26.5,3.5,3.0,2.0,30.64,0,1287.298
34.0,Female,64.3,1.62,174.0,145.0,62.0,1.76,1276.0,Yoga,19.8,2.7,5.0,3.0,24.5,0,1668.302
27.0,Male,80.7,1.61,170.0,166.0,52.0,1.75,1598.0,Strength,14.3,3.5,4.0,3.0,31.13,0,1591.502
34.0,Male,115.3,1.81,181.0,167.0,67.0,1.36,1249.0,Yoga,24.5,2.2,2.0,1.0,35.19,0,1857.0
37.0,Male,87.8,1.69,183.0,158.0,69.0,1.81,1573.0,HIIT,10.3,3.5,5.0,3.0,30.74,1,2112.339
41.0,Male,74.3,1.61,160.0,136.0,51.0,1.06,714.0,Strength,24.8,3.5,4.0,2.0,28.66,1,2059.407
22.0,Female,78.5,1.7,177.0,138.0,66.0,1.36,938.0,Strength,31.9,2.1,4.0,2.0,27.16,0,1546.498
51.0,Female,77.3,1.58,171.0,168.0,68.0,0.97,733.0,Cardio,31.1,2.0,2.0,1.0,30.96,0,1660.8
23.0,Female,64.5,1.7,187.0,125.0,72.0,0.51,319.0,Cardio,30.4,1.7,2.0,1.0,22.32,0,1540.8
19.0,Male,72.0,1.94,199.0,148.0,62.0,1.17,952.0,Yoga,24.7,3.2,3.0,2.0,19.13,0,1524.302
30.0,Female,77.9,1.77,166.0,130.0,62.0,1.41,916.0,Cardio,27.9,2.6,4.0,2.0,24.87,0,2286.0
28.0,Female,69.6,1.58,182.0,135.0,50.0,1.49,1006.0,Cardio,27.8,2.0,3.0,2.0,27.88,1,2041.87
40.0,Male,68.9,1.99,180.0,149.0,51.0,1.16,951.0,Cardio,25.0,2.4,4.0,2.0,17.4,0,2206.498
33.0,Male,45.9,1.89,193.0,144.0,50.0,1.45,1148.0,Cardio,21.6,2.9,3.0,2.0,12.85,0,1428.302
48.0,Female,68.2,1.69,170.0,159.0,73.0,0.75,537.0,HIIT,28.4,2.5,3.0,1.0,23.88,0,2122.498
28.0,Female,79.6,1.59,181.0,130.0,54.0,1.49,968.0,HIIT,28.2,1.5,3.0,2.0,31.49,0,1680.0
33.0,Female,53.6,1.52,194.0,126.0,73.0,1.02,643.0,Cardio,30.9,2.3,2.0,1.0,23.2,0,1933.502
25.0,Female,57.7,1.58,188.0,145.0,52.0,1.36,986.0,Yoga,25.7,2.2,3.0,2.0,23.11,0,1770.0
21.0,Male,74.2,1.93,187.0,141.0,56.0,1.32,1024.0,HIIT,28.3,2.5,3.0,2.0,19.92,0,2532.0
57.0,Female,64.4,1.56,177.0,144.0,73.0,1.52,985.0,Cardio,17.8,2.7,5.0,3.0,26.46,3,2969.16
21.0,Female,54.9,1.78,173.0,138.0,71.0,0.55,380.0,HIIT,31.7,2.0,2.0,1.0,17.33,0,1650.0
42.0,Male,50.3,1.64,177.0,150.0,62.0,0.63,468.0,Strength,27.0,2.4,3.0,1.0,18.7,0,1662.302
20.0,Female,46.5,1.68,187.0,145.0,72.0,0.91,660.0,HIIT,27.9,2.4,2.0,1.0,16.48,1,2356.407
49.0,Male,57.8,1.99,183.0,161.0,67.0,0.93,741.0,HIIT,24.7,3.1,3.0,1.0,14.6,0,1605.298
20.0,Male,83.0,1.8,167.0,160.0,73.0,0.79,695.0,Yoga,29.6,2.9,2.0,1.0,25.62,0,1852.498
44.0,Male,82.5,1.79,167.0,155.0,70.0,1.51,1159.0,HIIT,13.8,3.5,5.0,3.0,25.75,3,3005.818
46.0,Female,66.5,1.73,163.0,142.0,56.0,1.11,709.0,Yoga,34.7,2.0,3.0,1.0,22.22,0,1858.498
49.0,Female,70.2,1.67,186.0,166.0,50.0,0.93,695.0,Strength,32.5,1.8,3.0,1.0,25.17,0,1347.298
36.0,Male,121.9,1.93,195.0,132.0,54.0,1.49,1082.0,Cardio,21.8,3.4,3.0,2.0,32.73,0,1656.302
38.0,Female,70.3,1.52,164.0,144.0,66.0,1.19,857.0,Yoga,25.6,2.0,4.0,2.0,30.43,0,2565.0
22.0,Female,40.3,1.56,192.0,121.0,57.0,1.45,877.0,HIIT,30.8,2.1,4.0,2.0,16.56,0,1758.0
35.0,Male,101.4,1.76,193.0,121.0,64.0,0.84,559.0,HIIT,23.6,2.9,2.0,1.0,32.74,1,2052.182
45.0,Male,79.2,1.95,189.0,135.0,69.0,1.47,982.0,Yoga,22.8,2.8,3.0,2.0,20.83,3,3014.437
59.0,Female,75.8,1.77,167.0,128.0,53.0,1.46,841.0,Strength,33.1,1.8,3.0,1.0,24.19,0,2415.0
39.0,Male,71.7,1.88,198.0,147.0,51.0,0.55,445.0,Cardio,23.7,2.2,2.0,1.0,20.29,0,2043.0
38.0,Female,57.7,1.56,185.0,132.0,54.0,1.64,1082.0,HIIT,16.6,2.7,5.0,3.0,23.71,3,2951.905
23.0,Female,47.4,1.6,196.0,154.0,50.0,0.76,585.0,Strength,33.5,1.6,3.0,1.0,18.52,0,2163.0
18.0,Female,57.2,1.75,193.0,160.0,74.0,1.29,1032.0,Cardio,33.5,2.4,3.0,2.0,18.68,0,1860.302
22.0,Female,44.8,1.72,166.0,132.0,54.0,1.48,977.0,Cardio,28.6,1.8,4.0,2.0,15.14,0,1414.8
58.0,Male,90.2,1.72,199.0,150.0,55.0,0.9,668.0,HIIT,28.3,2.1,2.0,1.0,30.49,0,2508.0
29.0,Male,84.9,1.72,187.0,140.0,51.0,1.79,1378.0,Yoga,14.3,3.5,4.0,3.0,28.7,4,3446.127
43.0,Male,95.7,1.77,198.0,151.0,50.0,1.08,807.0,HIIT,24.2,3.4,3.0,1.0,30.55,0,1654.8
51.0,Male,59.0,1.65,198.0,153.0,53.0,1.22,924.0,HIIT,20.7,2.3,3.0,2.0,21.67,0,1777.8
31.0,Female,60.5,1.77,187.0,127.0,56.0,1.72,1092.0,HIIT,15.0,2.7,4.0,3.0,19.31,0,2089.502
43.0,Female,53.8,1.72,173.0,160.0,71.0,1.03,742.0,Strength,30.2,2.3,4.0,2.0,18.19,0,1930.8
44.0,Male,86.6,1.97,197.0,167.0,50.0,1.66,1372.0,Yoga,11.7,3.5,5.0,3.0,22.31,2,2448.997
26.0,Female,72.8,1.67,163.0,121.0,50.0,1.37,829.0,Strength,35.0,1.9,2.0,1.0,26.1,1,1469.876
43.0,Female,66.3,1.77,177.0,157.0,57.0,1.48,1046.0,HIIT,32.7,1.7,4.0,2.0,21.16,0,2472.0
39.0,Female,56.0,1.6,184.0,151.0,69.0,0.89,672.0,Yoga,32.6,2.0,2.0,1.0,21.87,0,1663.502
47.0,Male,45.9,1.93,166.0,159.0,65.0,1.29,1015.0,Cardio,29.6,2.0,3.0,2.0,12.32,0,2287.502
34.0,Male,88.0,1.64,197.0,147.0,70.0,1.9,1536.0,Yoga,14.4,3.5,4.0,3.0,32.72,0,1963.502
43.0,Male,94.0,1.79,187.0,156.0,62.0,1.31,1012.0,HIIT,23.2,3.4,2.0,1.0,29.34,0,2089.502
53.0,Female,44.7,1.79,164.0,160.0,72.0,1.34,965.0,Yoga,26.7,2.1,3.0,2.0,13.95,0,1797.298
18.0,Male,63.2,1.63,162.0,120.0,73.0,0.66,436.0,Cardio,27.5,2.2,3.0,1.0,23.79,0,1716.0
25.0,Male,95.6,1.9,190.0,160.0,72.0,1.47,1294.0,Cardio,23.8,2.4,4.0,2.0,26.48,0,1959.0
52.0,Male,47.8,1.86,179.0,129.0,67.0,1.01,645.0,Yoga,24.7,2.8,3.0,2.0,13.82,0,2047.502
32.0,Male,85.3,1.64,178.0,123.0,69.0,1.77,1197.0,Cardio,13.2,3.5,4.0,3.0,31.71,0,1578.0
39.0,Male,59.7,1.83,170.0,154.0,59.0,1.35,1143.0,Strength,29.1,2.3,4.0,2.0,17.83,0,1746.302
31.0,Male,70.2,1.98,199.0,129.0,61.0,0.71,504.0,Yoga,24.2,2.5,2.0,1.0,17.91,0,1942.8
43.0,Female,72.7,1.8,162.0,166.0,50.0,0.79,590.0,Cardio,32.8,2.1,3.0,1.0,22.44,0,2452.498
45.0,Female,50.4,1.79,182.0,130.0,59.0,0.74,433.0,Cardio,27.7,2.5,2.0,1.0,15.73,0,1572.302
40.0,Male,81.7,1.74,166.0,133.0,58.0,0.91,666.0,Yoga,27.0,2.7,2.0,1.0,26.99,0,1926.0
31.0,Male,49.3,1.62,182.0,157.0,52.0,0.56,484.0,Strength,20.0,3.2,2.0,1.0,18.79,0,1572.302
41.0,Female,61.9,1.64,166.0,131.0,68.0,1.93,1138.0,Yoga,19.4,2.7,4.0,3.0,23.01,0,1749.298
19.0,Female,49.1,1.68,193.0,164.0,58.0,1.42,1164.0,Cardio,25.3,2.6,4.0,2.0,17.4,0,2575.8
43.0,Male,66.5,1.83,178.0,136.0,59.0,1.11,747.0,Yoga,27.1,2.4,3.0,2.0,19.86,0,1836.302
31.0,Male,75.5,1.93,168.0,135.0,68.0,0.6,446.0,Cardio,20.5,3.4,2.0,1.0,20.27,0,2179.502
24.0,Male,88.2,1.79,177.0,154.0,65.0,1.76,1491.0,HIIT,11.3,3.5,4.0,3.0,27.53,0,1381.8
20.0,Male,74.8,1.75,184.0,121.0,73.0,1.33,885.0,Yoga,25.0,3.3,3.0,2.0,24.42,0,2500.498
40.0,Female,72.2,1.6,173.0,130.0,67.0,0.87,566.0,Yoga,29.2,1.9,3.0,1.0,28.2,0,1441.8
35.0,Male,62.8,1.63,184.0,160.0,63.0,1.41,1241.0,Cardio,21.9,3.7,4.0,2.0,23.64,0,1992.0
55.0,Male,84.7,1.79,178.0,122.0,52.0,1.19,719.0,Cardio,23.3,2.4,3.0,2.0,26.43,0,2032.498
52.0,Male,116.5,1.69,198.0,148.0,51.0,0.53,388.0,Cardio,27.3,2.4,2.0,1.0,40.79,0,1875.0
32.0,Male,77.4,1.92,174.0,137.0,50.0,1.39,1047.0,Cardio,26.7,3.3,3.0,2.0,21.0,0,1270.8
42.0,Female,72.9,1.62,175.0,139.0,67.0,1.17,732.0,Yoga,25.7,2.0,4.0,2.0,27.78,0,1561.8
54.0,Female,58.4,1.59,186.0,166.0,73.0,1.08,807.0,Cardio,32.5,1.9,2.0,1.0,23.1,0,1603.502
45.0,Female,64.3,1.54,199.0,133.0,58.0,1.67,999.0,Yoga,15.3,2.7,4.0,3.0,27.11,0,1780.8
27.0,Male,89.3,1.87,169.0,153.0,62.0,1.62,1363.0,Strength,12.7,3.5,5.0,3.0,25.54,1,1645.188
56.0,Male,90.2,1.61,163.0,168.0,51.0,1.38,1148.0,Yoga,22.6,2.3,3.0,2.0,34.8,1,2165.628
34.0,Female,59.0,1.62,178.0,150.0,56.0,1.13,847.0,Cardio,30.9,2.4,4.0,2.0,22.48,0,1647.0
56.0,Male,58.7,1.86,187.0,159.0,65.0,1.09,858.0,Cardio,22.6,3.3,3.0,2.0,16.97,0,1354.8
39.0,Male,127.5,1.82,180.0,161.0,70.0,1.26,1116.0,Strength,29.8,3.0,3.0,2.0,38.49,0,2022.0
43.0,Female,68.6,1.52,173.0,137.0,68.0,1.42,875.0,Yoga,28.1,2.6,4.0,2.0,29.69,0,2295.0
42.0,Female,56.7,1.53,192.0,149.0,74.0,1.07,717.0,Strength,27.4,1.9,3.0,1.0,24.22,0,2280.0
34.0,Female,64.5,1.78,169.0,144.0,64.0,1.33,958.0,Yoga,27.8,1.8,4.0,2.0,20.36,0,1707.298
30.0,Female,61.6,1.52,178.0,138.0,71.0,1.78,1228.0,Cardio,19.5,2.7,4.0,3.0,26.66,2,2697.0
37.0,Male,75.1,1.82,189.0,127.0,60.0,1.23,859.0,Yoga,26.4,3.2,4.0,2.0,22.67,0,2184.0
42.0,Male,79.3,1.93,181.0,147.0,50.0,1.22,888.0,Cardio,27.3,3.3,2.0,1.0,21.29,1,2567.818
21.0,Female,72.6,1.68,162.0,127.0,70.0,1.19,756.0,Cardio,34.2,1.8,3.0,2.0,25.72,0,2466.0
27.0,Male,76.7,1.7,196.0,150.0,56.0,0.96,792.0,HIIT,29.1,2.1,3.0,1.0,26.54,4,3381.997
20.0,Female,44.2,1.61,177.0,122.0,69.0,1.08,659.0,HIIT,32.4,2.5,2.0,1.0,17.05,0,1476.302
58.0,Female,56.5,1.7,170.0,122.0,57.0,0.74,406.0,Yoga,27.0,2.7,2.0,1.0,19.55,0,1651.502
35.0,Male,100.9,1.63,161.0,163.0,59.0,1.1,986.0,Cardio,28.4,3.1,2.0,1.0,37.98,0,1407.298
53.0,Female,55.8,1.55,171.0,141.0,54.0,1.12,711.0,Strength,27.0,1.8,4.0,2.0,23.23,0,1726.8
39.0,Male,58.3,1.93,165.0,136.0,58.0,1.35,1010.0,Cardio,27.4,3.7,4.0,2.0,15.65,0,2065.502
51.0,Male,48.6,1.77,199.0,155.0,74.0,1.47,1128.0,Strength,26.9,3.5,2.0,1.0,15.51,4,3096.997
25.0,Male,81.7,1.95,188.0,136.0,74.0,1.94,1451.0,Yoga,13.8,3.5,4.0,3.0,21.49,0,1944.302
57.0,Male,85.6,1.69,189.0,133.0,50.0,1.76,1159.0,Yoga,12.7,3.5,5.0,3.0,29.97,0,1602.302
36.0,Female,60.0,1.72,161.0,128.0,51.0,1.63,1043.0,Strength,18.2,2.7,5.0,3.0,20.28,0,1438.8
59.0,Male,126.4,1.69,168.0,149.0,68.0,1.24,915.0,Strength,29.5,2.9,3.0,1.0,44.26,0,1909.8
58.0,Female,75.4,1.78,161.0,140.0,63.0,1.05,662.0,Cardio,26.0,2.5,4.0,2.0,23.8,0,1234.8
54.0,Female,64.2,1.69,188.0,131.0,69.0,1.69,996.0,Yoga,16.5,2.7,4.0,3.0,22.48,0,1474.8
23.0,Female,65.2,1.62,192.0,156.0,59.0,1.37,1069.0,Cardio,31.1,2.5,3.0,2.0,24.84,1,1660.655
43.0,Female,70.1,1.66,169.0,151.0,58.0,0.99,673.0,Strength,34.6,2.6,2.0,1.0,25.44,0,2160.0
51.0,Male,102.6,1.77,193.0,130.0,59.0,1.21,779.0,HIIT,21.0,3.4,2.0,1.0,32.75,0,2499.0
23.0,Male,107.2,1.93,167.0,139.0,55.0,1.15,879.0,HIIT,20.2,3.1,4.0,2.0,28.78,2,2443.188
54.0,Female,56.5,1.75,196.0,154.0,66.0,1.76,1220.0,HIIT,15.3,2.7,5.0,3.0,18.45,0,2355.0
50.0,Female,61.6,1.75,192.0,166.0,74.0,1.22,911.0,Strength,25.5,2.2,4.0,2.0,20.11,1,2000.628
39.0,Male,81.7,1.75,165.0,165.0,55.0,1.32,1198.0,Cardio,29.1,2.8,4.0,2.0,26.68,1,1945.97
38.0,Female,76.6,1.58,199.0,130.0,53.0,0.74,481.0,Yoga,32.2,2.3,2.0,1.0,30.68,0,1642.8
23.0,Male,116.8,1.79,178.0,127.0,69.0,1.0,698.0,Strength,26.8,3.4,4.0,2.0,36.45,1,2344.378
23.0,Female,60.1,1.59,191.0,123.0,52.0,1.8,1107.0,HIIT,17.6,2.7,4.0,3.0,23.77,0,1786.498
21.0,Male,93.7,1.73,186.0,146.0,72.0,1.0,803.0,Cardio,27.8,3.6,2.0,1.0,31.31,0,2047.502
47.0,Female,41.6,1.58,160.0,163.0,68.0,1.03,756.0,Yoga,26.6,2.1,4.0,2.0,16.66,1,1564.407
28.0,Female,55.1,1.79,192.0,159.0,67.0,1.99,1582.0,Yoga,17.0,2.7,5.0,3.0,17.2,4,2982.997
47.0,Male,127.1,1.76,199.0,157.0,73.0,0.71,552.0,Strength,24.9,3.0,2.0,1.0,41.03,0,1512.302
48.0,Female,69.1,1.6,191.0,166.0,53.0,1.34,1001.0,Strength,26.1,2.0,4.0,2.0,26.99,0,2461.502
41.0,Female,66.8,1.74,164.0,149.0,57.0,1.34,898.0,Yoga,29.2,2.3,3.0,1.0,22.06,0,1495.8
26.0,Male,125.5,1.76,176.0,163.0,66.0,1.15,1031.0,Yoga,23.2,3.1,4.0,2.0,40.52,0,1312.8
20.0,Female,71.3,1.58,167.0,167.0,54.0,1.07,893.0,HIIT,25.4,1.5,3.0,2.0,28.56,0,1245.298
48.0,Male,129.2,1.61,193.0,167.0,62.0,1.06,876.0,Yoga,21.4,2.9,4.0,2.0,49.84,1,2160.472
57.0,Male,96.3,1.86,168.0,146.0,74.0,1.1,795.0,Strength,27.6,2.2,3.0,2.0,27.84,4,2622.476
54.0,Female,67.5,1.54,182.0,140.0,50.0,0.72,454.0,Cardio,25.2,1.5,3.0,1.0,28.46,4,3108.873
53.0,Female,64.4,1.55,194.0,139.0,62.0,1.77,1107.0,HIIT,19.7,2.7,4.0,3.0,26.81,0,1587.298
41.0,Female,64.9,1.57,166.0,123.0,53.0,1.04,576.0,HIIT,25.9,2.4,4.0,2.0,26.33,0,2329.502
48.0,Female,52.3,1.66,174.0,130.0,71.0,0.74,433.0,Yoga,33.0,1.8,3.0,1.0,18.98,0,1630.8
23.0,Female,56.7,1.55,179.0,132.0,73.0,1.38,911.0,Cardio,34.0,1.9,4.0,2.0,23.6,1,1713.935
19.0,Female,46.8,1.63,184.0,128.0,63.0,1.35,864.0,HIIT,34.4,1.6,4.0,2.0,17.61,0,1402.8
37.0,Female,70.3,1.77,162.0,123.0,52.0,1.01,621.0,Strength,33.7,1.7,2.0,1.0,22.44,0,1495.502
45.0,Male,80.8,1.76,183.0,131.0,54.0,1.7,1102.0,Yoga,11.4,3.5,4.0,3.0,26.08,1,1827.372
28.0,Female,56.0,1.5,193.0,128.0,56.0,1.94,1242.0,Strength,16.7,2.7,5.0,3.0,24.89,0,1284.302
21.0,Male,101.2,1.84,181.0,132.0,50.0,1.3,944.0,Yoga,24.3,3.3,2.0,1.0,29.89,0,1359.298
32.0,Female,56.6,1.57,170.0,167.0,72.0,1.65,1378.0,HIIT,15.7,2.7,4.0,3.0,22.96,0,2332.498
23.0,Female,40.9,1.75,167.0,145.0,61.0,0.82,594.0,Yoga,25.2,2.1,3.0,1.0,13.36,1,2380.469
47.0,Male,127.8,1.65,198.0,157.0,60.0,0.77,598.0,Cardio,28.7,3.5,2.0,1.0,46.94,0,1950.302
55.0,Female,49.3,1.76,194.0,161.0,73.0,1.28,927.0,Strength,30.5,2.0,2.0,1.0,15.92,0,1576.498
19.0,Female,64.3,1.63,197.0,132.0,57.0,1.87,1234.0,Cardio,18.0,2.7,5.0,3.0,24.2,0,2394.0
32.0,Male,49.3,1.62,167.0,158.0,74.0,1.18,1025.0,Strength,29.3,2.5,3.0,2.0,18.79,0,1984.8
28.0,Female,63.0,1.62,196.0,147.0,55.0,0.68,500.0,Strength,31.7,1.9,2.0,1.0,24.01,0,1746.302
25.0,Female,41.1,1.67,186.0,138.0,71.0,1.03,711.0,Yoga,31.9,2.4,3.0,2.0,14.74,0,2392.498
43.0,Female,40.5,1.74,187.0,143.0,51.0,1.5,965.0,HIIT,32.9,2.2,3.0,2.0,13.38,0,1788.302
22.0,Male,71.0,1.62,199.0,138.0,68.0,0.91,691.0,HIIT,21.2,3.5,2.0,1.0,27.05,0,2614.498
23.0,Female,60.9,1.62,193.0,168.0,69.0,1.59,1336.0,Cardio,16.8,2.7,5.0,3.0,23.21,0,1752.302
43.0,Female,64.7,1.66,191.0,132.0,69.0,1.88,1117.0,Yoga,19.8,2.7,4.0,3.0,23.48,4,2679.476
21.0,Female,51.0,1.71,174.0,132.0,73.0,1.07,706.0,HIIT,34.2,2.2,3.0,2.0,17.44,1,2469.84
36.0,Female,57.7,1.77,176.0,147.0,63.0,1.65,1213.0,Strength,19.4,2.7,4.0,3.0,18.42,0,1620.302
37.0,Male,76.9,1.82,192.0,121.0,50.0,1.49,992.0,Strength,24.5,2.8,4.0,2.0,23.22,0,1518.302
50.0,Male,80.5,1.77,175.0,129.0,59.0,1.85,1181.0,Yoga,14.3,3.5,4.0,3.0,25.7,0,1693.502
37.0,Female,73.3,1.74,188.0,141.0,65.0,1.03,726.0,Cardio,25.5,2.4,3.0,2.0,24.21,1,2407.97
29.0,Female,49.0,1.57,168.0,132.0,53.0,1.33,878.0,Yoga,26.5,2.6,3.0,2.0,19.88,1,1497.372
18.0,Male,114.5,1.97,192.0,128.0,60.0,1.03,725.0,Cardio,24.1,2.6,3.0,1.0,29.5,0,1881.298
43.0,Male,81.0,1.78,188.0,152.0,65.0,1.58,1189.0,Yoga,12.4,3.5,5.0,3.0,25.56,1,2542.03
31.0,Female,53.5,1.76,172.0,133.0,69.0,1.22,811.0,Strength,27.6,1.8,4.0,2.0,17.27,1,1373.619
55.0,Male,52.1,1.68,180.0,167.0,50.0,0.77,637.0,Yoga,23.6,3.0,3.0,1.0,18.46,0,1732.8
54.0,Female,70.1,1.52,180.0,139.0,65.0,0.76,475.0,HIIT,26.6,2.1,2.0,1.0,30.34,3,3249.472
28.0,Male,86.9,1.78,164.0,134.0,68.0,1.29,951.0,HIIT,24.9,3.7,4.0,2.0,27.43,0,1746.0
53.0,Male,73.4,1.76,169.0,151.0,70.0,1.09,815.0,Yoga,27.9,2.8,3.0,2.0,23.7,0,2250.0
30.0,Male,90.0,1.66,165.0,152.0,71.0,1.32,1104.0,Cardio,26.6,2.1,4.0,2.0,32.66,0,2008.498
20.0,Male,85.7,1.92,172.0,136.0,58.0,1.72,1287.0,Cardio,10.5,3.5,5.0,3.0,23.25,1,1932.215
50.0,Female,70.4,1.55,160.0,143.0,58.0,0.73,470.0,Strength,29.9,2.7,2.0,1.0,29.3,0,2355.0
23.0,Male,57.7,1.71,179.0,149.0,58.0,1.15,942.0,Strength,27.0,3.4,3.0,2.0,19.73,0,1438.8
27.0,Male,75.7,1.76,167.0,132.0,66.0,0.68,494.0,Cardio,25.3,2.3,3.0,1.0,24.44,0,2277.0
22.0,Female,61.8,1.52,169.0,166.0,61.0,1.83,1519.0,Yoga,17.0,2.7,5.0,3.0,26.75,1,2440.622
40.0,Male,80.3,1.76,168.0,167.0,74.0,1.63,1497.0,Strength,13.1,3.5,5.0,3.0,25.92,0,1890.0
27.0,Male,104.3,1.68,162.0,135.0,62.0,1.28,950.0,Cardio,29.7,3.5,3.0,2.0,36.95,2,2435.437
19.0,Female,65.7,1.58,170.0,121.0,57.0,1.46,883.0,Cardio,25.9,1.9,3.0,2.0,26.32,0,1605.298
30.0,Male,120.3,1.96,171.0,136.0,65.0,0.66,494.0,Yoga,23.9,2.6,2.0,1.0,31.32,0,1807.8
57.0,Female,51.9,1.57,169.0,151.0,67.0,1.05,713.0,HIIT,29.1,2.6,3.0,2.0,21.06,0,1803.298
19.0,Female,59.1,1.57,184.0,162.0,50.0,1.65,1336.0,Cardio,17.9,2.7,5.0,3.0,23.98,0,2160.0
37.0,Female,66.9,1.75,184.0,127.0,50.0,1.38,876.0,Strength,26.5,2.1,4.0,2.0,21.84,0,1576.498
18.0,Female,66.9,1.75,170.0,122.0,61.0,0.94,573.0,Yoga,26.8,1.7,2.0,1.0,21.84,0,1621.8
54.0,Male,78.7,1.66,195.0,131.0,55.0,1.42,921.0,Yoga,22.9,2.6,3.0,2.0,28.56,0,1908.0
26.0,Female,62.4,1.61,198.0,139.0,58.0,1.88,1307.0,Yoga,19.8,2.7,4.0,3.0,24.07,1,2533.44
34.0,Male,102.1,1.71,185.0,135.0,72.0,0.96,713.0,HIIT,27.3,3.2,2.0,1.0,34.92,0,1860.302
26.0,Male,51.9,2.0,173.0,133.0,54.0,0.75,549.0,HIIT,26.6,2.3,2.0,1.0,12.97,0,1719.298
28.0,Male,58.3,2.0,198.0,135.0,65.0,1.32,980.0,Strength,28.2,3.0,4.0,2.0,14.57,0,2491.502
32.0,Male,89.8,1.92,199.0,168.0,67.0,1.93,1783.0,Strength,10.6,3.5,4.0,3.0,24.36,1,2693.28
41.0,Male,101.1,1.83,160.0,162.0,66.0,0.79,634.0,Yoga,28.6,3.2,2.0,1.0,30.19,2,2284.705
55.0,Male,118.6,1.72,163.0,168.0,67.0,0.77,640.0,Strength,25.9,2.6,3.0,1.0,40.09,0,1671.0
52.0,Male,84.8,1.85,189.0,152.0,50.0,1.19,895.0,Cardio,23.4,3.2,2.0,1.0,24.78,2,2193.637
47.0,Male,80.0,1.77,171.0,149.0,68.0,0.72,531.0,HIIT,28.2,3.5,3.0,1.0,25.54,0,2043.0
48.0,Male,73.1,1.83,194.0,131.0,71.0,1.05,681.0,Yoga,28.0,2.8,4.0,2.0,21.83,0,1842.302
22.0,Male,117.3,1.68,172.0,134.0,57.0,1.24,914.0,Yoga,28.5,2.7,3.0,2.0,41.56,0,1971.0
31.0,Female,77.4,1.71,190.0,137.0,52.0,1.26,863.0,Cardio,26.2,1.8,4.0,2.0,26.47,1,1777.531
28.0,Female,72.9,1.67,197.0,147.0,74.0,1.13,831.0,Cardio,34.7,2.2,3.0,2.0,26.14,1,1701.902
26.0,Female,71.2,1.5,182.0,142.0,54.0,1.15,816.0,Cardio,34.6,2.6,2.0,1.0,31.64,0,1737.0
51.0,Male,88.2,1.62,163.0,133.0,72.0,1.56,1027.0,Cardio,11.8,3.5,4.0,3.0,33.61,1,2241.596
29.0,Female,75.6,1.8,175.0,149.0,57.0,1.31,976.0,Yoga,25.7,1.9,4.0,2.0,23.33,4,3256.13
52.0,Female,57.9,1.56,166.0,152.0,68.0,1.66,1135.0,HIIT,15.8,2.7,4.0,3.0,23.79,0,2370.0
52.0,Female,70.6,1.58,181.0,164.0,67.0,1.02,753.0,HIIT,34.9,2.0,3.0,2.0,28.28,2,2437.763
18.0,Male,118.6,1.64,188.0,134.0,67.0,0.94,693.0,Cardio,25.6,2.7,3.0,1.0,44.1,0,1630.8
57.0,Male,55.7,1.99,170.0,126.0,70.0,1.13,705.0,Strength,23.6,3.0,3.0,2.0,14.07,1,1526.59
39.0,Male,102.3,1.94,192.0,134.0,50.0,0.89,656.0,Yoga,22.9,2.4,3.0,1.0,27.18,0,2257.502
46.0,Male,72.6,1.87,188.0,161.0,64.0,1.31,1044.0,HIIT,22.6,3.4,4.0,2.0,20.76,0,2242.498
25.0,Female,63.8,1.68,198.0,165.0,67.0,0.95,784.0,Cardio,31.6,1.9,2.0,1.0,22.6,2,2441.247
28.0,Female,67.3,1.67,171.0,157.0,74.0,0.61,479.0,Strength,29.2,2.3,3.0,1.0,24.13,0,1329.298
58.0,Female,59.3,1.58,166.0,165.0,56.0,1.97,1463.0,Strength,19.8,2.7,4.0,3.0,23.75,0,1509.298
54.0,Female,70.7,1.57,198.0,163.0,65.0,1.14,836.0,Cardio,31.8,2.1,3.0,1.0,28.68,0,2085.0
31.0,Male,86.9,1.69,185.0,130.0,65.0,1.72,1230.0,Yoga,14.0,3.5,4.0,3.0,30.43,4,2337.476
47.0,Male,98.2,1.9,199.0,148.0,64.0,0.76,557.0,HIIT,22.9,3.0,3.0,1.0,27.2,0,1890.302
52.0,Male,63.6,1.62,168.0,150.0,55.0,1.3,965.0,Strength,20.8,2.3,4.0,2.0,24.23,1,1550.661
38.0,Female,45.2,1.68,193.0,144.0,58.0,1.01,727.0,HIIT,29.9,2.4,3.0,2.0,16.01,0,2266.498
54.0,Male,117.2,1.62,172.0,143.0,56.0,1.04,736.0,HIIT,23.1,2.3,4.0,2.0,44.66,0,2014.498
22.0,Male,107.4,1.74,195.0,138.0,63.0,1.34,1017.0,Strength,22.0,2.2,2.0,1.0,35.47,0,2329.502
36.0,Female,59.1,1.78,184.0,121.0,60.0,0.85,514.0,Cardio,34.5,2.2,2.0,1.0,18.65,2,2764.812
31.0,Female,53.3,1.64,183.0,141.0,70.0,0.57,402.0,Strength,29.4,2.4,3.0,1.0,19.82,0,2032.498
43.0,Male,46.2,1.63,176.0,139.0,65.0,1.18,812.0,Strength,21.7,2.1,2.0,1.0,17.39,0,1876.8
21.0,Male,67.0,1.61,161.0,152.0,74.0,1.32,1104.0,Yoga,22.0,2.1,3.0,2.0,25.85,0,1867.502
42.0,Male,86.3,1.77,172.0,127.0,55.0,1.77,1113.0,HIIT,11.4,3.5,4.0,3.0,27.55,3,2900.16
59.0,Male,85.5,1.67,190.0,144.0,71.0,1.99,1418.0,Cardio,15.0,3.5,5.0,3.0,30.66,0,1722.0
42.0,Male,70.2,1.87,188.0,165.0,65.0,1.38,1127.0,HIIT,22.7,3.4,3.0,2.0,20.07,0,2095.502
35.0,Male,127.1,1.62,187.0,128.0,69.0,1.02,718.0,Strength,23.3,3.4,4.0,2.0,48.43,0,2379.0
57.0,Female,75.6,1.67,186.0,153.0,65.0,1.05,723.0,Cardio,31.6,1.8,3.0,2.0,27.11,0,2188.498
25.0,Female,62.6,1.65,174.0,142.0,61.0,1.2,852.0,Cardio,27.9,2.2,3.0,1.0,22.99,0,2215.502
56.0,Female,55.7,1.53,190.0,124.0,66.0,1.91,1066.0,Cardio,16.1,2.7,5.0,3.0,23.79,0,1686.0
57.0,Male,96.1,1.74,199.0,144.0,54.0,1.21,862.0,Cardio,21.6,2.8,3.0,2.0,31.74,0,1644.0
31.0,Female,76.7,1.62,174.0,127.0,74.0,1.39,883.0,Yoga,28.1,2.3,4.0,2.0,29.23,2,2495.499
49.0,Male,57.2,1.89,192.0,135.0,62.0,1.14,762.0,Cardio,21.1,3.5,2.0,1.0,16.01,0,2482.498
55.0,Male,69.9,1.81,179.0,167.0,57.0,1.2,992.0,Strength,20.2,2.1,4.0,2.0,21.34,0,1446.302
50.0,Female,67.9,1.77,171.0,164.0,73.0,1.03,760.0,Yoga,33.0,2.4,3.0,2.0,21.67,0,2316.0
40.0,Male,87.9,1.87,196.0,134.0,54.0,1.96,1445.0,Strength,10.7,3.5,5.0,3.0,25.14,0,1216.8
32.0,Male,102.8,1.98,168.0,120.0,61.0,1.24,818.0,Strength,27.8,2.8,3.0,2.0,26.22,0,1792.498
50.0,Female,51.8,1.5,182.0,141.0,58.0,1.32,838.0,HIIT,33.0,2.2,3.0,1.0,23.02,1,1815.339
42.0,Female,57.7,1.57,167.0,122.0,52.0,1.83,1005.0,Cardio,17.7,2.7,4.0,3.0,23.41,0,2370.0
34.0,Female,66.5,1.69,191.0,157.0,52.0,0.81,636.0,Cardio,28.1,2.3,3.0,1.0,23.28,0,1342.8
50.0,Male,95.4,1.61,173.0,133.0,50.0,1.16,764.0,Strength,21.5,3.6,4.0,2.0,36.8,0,1776.302
19.0,Female,69.2,1.6,186.0,155.0,74.0,1.17,907.0,Cardio,32.4,1.6,3.0,1.0,27.03,0,1659.298
31.0,Female,66.6,1.67,184.0,137.0,71.0,1.02,699.0,Yoga,31.0,1.5,4.0,2.0,23.88,0,1527.0
57.0,Male,83.4,1.65,172.0,166.0,67.0,1.57,1290.0,HIIT,13.3,3.5,4.0,3.0,30.63,0,1584.0
57.0,Female,43.8,1.75,180.0,160.0,73.0,1.39,1001.0,Cardio,25.1,1.7,2.0,1.0,14.3,0,1692.0
56.0,Female,64.2,1.69,190.0,137.0,61.0,1.99,1227.0,Cardio,19.6,2.7,5.0,3.0,22.48,0,2454.0
23.0,Female,44.1,1.62,196.0,122.0,58.0,0.58,354.0,Yoga,25.7,2.7,2.0,1.0,16.8,0,2077.502
23.0,Male,87.3,1.91,164.0,129.0,58.0,1.87,1327.0,HIIT,11.8,3.5,5.0,3.0,23.93,0,1618.498
20.0,Male,55.0,1.6,172.0,168.0,67.0,1.12,1035.0,Yoga,24.0,3.2,4.0,2.0,21.48,2,2590.44
24.0,Male,87.1,1.74,187.0,158.0,67.0,1.57,1364.0,Strength,10.0,3.5,4.0,3.0,28.77,0,2394.0
25.0,Male,66.6,1.61,184.0,166.0,56.0,1.38,1260.0,Strength,25.0,3.0,2.0,1.0,25.69,1,2171.127
59.0,Female,60.4,1.76,194.0,120.0,53.0,1.72,929.0,Cardio,18.8,2.7,5.0,3.0,19.5,0,1618.498
32.0,Male,126.4,1.83,198.0,146.0,62.0,1.1,883.0,HIIT,28.2,2.1,3.0,2.0,37.74,0,2455.502
46.0,Male,88.7,1.63,166.0,146.0,66.0,0.75,542.0,Strength,28.8,3.5,2.0,1.0,33.38,0,1900.498
